--
-- PostgreSQL database dump
--

-- Dumped from database version 9.5beta1
-- Dumped by pg_dump version 9.5beta1

-- Started on 2016-12-14 00:09:03 EET

SET statement_timeout = 0;
SET lock_timeout = 0;
SET client_encoding = 'UTF8';
SET standard_conforming_strings = on;
SET check_function_bodies = false;
SET client_min_messages = warning;
SET row_security = off;

--
-- TOC entry 195 (class 3079 OID 12623)
-- Name: plpgsql; Type: EXTENSION; Schema: -; Owner: 
--

CREATE EXTENSION IF NOT EXISTS plpgsql WITH SCHEMA pg_catalog;


--
-- TOC entry 2465 (class 0 OID 0)
-- Dependencies: 195
-- Name: EXTENSION plpgsql; Type: COMMENT; Schema: -; Owner: 
--

COMMENT ON EXTENSION plpgsql IS 'PL/pgSQL procedural language';


SET search_path = public, pg_catalog;

SET default_tablespace = '';

SET default_with_oids = false;

--
-- TOC entry 181 (class 1259 OID 25824)
-- Name: c_data_android; Type: TABLE; Schema: public; Owner: postgres
--

CREATE TABLE c_data_android (
    id integer NOT NULL,
    hand_id integer NOT NULL,
    exercise_type_id integer NOT NULL,
    test_id integer NOT NULL,
    parameter_id integer NOT NULL,
    result numeric NOT NULL
);


ALTER TABLE c_data_android OWNER TO postgres;

--
-- TOC entry 180 (class 1259 OID 25822)
-- Name: c_data_id_seq; Type: SEQUENCE; Schema: public; Owner: postgres
--

CREATE SEQUENCE c_data_id_seq
    START WITH 1
    INCREMENT BY 1
    NO MINVALUE
    NO MAXVALUE
    CACHE 1;


ALTER TABLE c_data_id_seq OWNER TO postgres;

--
-- TOC entry 2466 (class 0 OID 0)
-- Dependencies: 180
-- Name: c_data_id_seq; Type: SEQUENCE OWNED BY; Schema: public; Owner: postgres
--

ALTER SEQUENCE c_data_id_seq OWNED BY c_data_android.id;


--
-- TOC entry 193 (class 1259 OID 25926)
-- Name: c_data_ipad; Type: TABLE; Schema: public; Owner: postgres
--

CREATE TABLE c_data_ipad (
    id integer DEFAULT nextval('c_data_id_seq'::regclass) NOT NULL,
    hand_id integer NOT NULL,
    exercise_type_id integer NOT NULL,
    test_id character(100) NOT NULL,
    parameter_id integer NOT NULL,
    result numeric NOT NULL
);


ALTER TABLE c_data_ipad OWNER TO postgres;

--
-- TOC entry 187 (class 1259 OID 25857)
-- Name: distance_ratio_android; Type: TABLE; Schema: public; Owner: postgres
--

CREATE TABLE distance_ratio_android (
    id integer NOT NULL,
    exercise_type_id integer NOT NULL,
    parameter_id integer NOT NULL,
    result numeric NOT NULL,
    hand_id integer NOT NULL
);


ALTER TABLE distance_ratio_android OWNER TO postgres;

--
-- TOC entry 186 (class 1259 OID 25855)
-- Name: distance_ratio_id_seq; Type: SEQUENCE; Schema: public; Owner: postgres
--

CREATE SEQUENCE distance_ratio_id_seq
    START WITH 1
    INCREMENT BY 1
    NO MINVALUE
    NO MAXVALUE
    CACHE 1;


ALTER TABLE distance_ratio_id_seq OWNER TO postgres;

--
-- TOC entry 2467 (class 0 OID 0)
-- Dependencies: 186
-- Name: distance_ratio_id_seq; Type: SEQUENCE OWNED BY; Schema: public; Owner: postgres
--

ALTER SEQUENCE distance_ratio_id_seq OWNED BY distance_ratio_android.id;


--
-- TOC entry 188 (class 1259 OID 25873)
-- Name: parameters; Type: TABLE; Schema: public; Owner: postgres
--

CREATE TABLE parameters (
    id integer NOT NULL,
    parameter_name text NOT NULL
);


ALTER TABLE parameters OWNER TO postgres;

--
-- TOC entry 183 (class 1259 OID 25835)
-- Name: pd_data_android; Type: TABLE; Schema: public; Owner: postgres
--

CREATE TABLE pd_data_android (
    id integer NOT NULL,
    hand_id integer NOT NULL,
    exercise_type_id integer NOT NULL,
    test_id integer NOT NULL,
    parameter_id integer NOT NULL,
    result numeric NOT NULL
);


ALTER TABLE pd_data_android OWNER TO postgres;

--
-- TOC entry 182 (class 1259 OID 25833)
-- Name: pd_data_id_seq; Type: SEQUENCE; Schema: public; Owner: postgres
--

CREATE SEQUENCE pd_data_id_seq
    START WITH 1
    INCREMENT BY 1
    NO MINVALUE
    NO MAXVALUE
    CACHE 1;


ALTER TABLE pd_data_id_seq OWNER TO postgres;

--
-- TOC entry 2468 (class 0 OID 0)
-- Dependencies: 182
-- Name: pd_data_id_seq; Type: SEQUENCE OWNED BY; Schema: public; Owner: postgres
--

ALTER SEQUENCE pd_data_id_seq OWNED BY pd_data_android.id;


--
-- TOC entry 185 (class 1259 OID 25846)
-- Name: silhouette_coef_android; Type: TABLE; Schema: public; Owner: postgres
--

CREATE TABLE silhouette_coef_android (
    id integer NOT NULL,
    exercise_type_id integer NOT NULL,
    parameter_id integer NOT NULL,
    result numeric NOT NULL,
    hand_id integer NOT NULL
);


ALTER TABLE silhouette_coef_android OWNER TO postgres;

--
-- TOC entry 184 (class 1259 OID 25844)
-- Name: silhouette_coef_id_seq; Type: SEQUENCE; Schema: public; Owner: postgres
--

CREATE SEQUENCE silhouette_coef_id_seq
    START WITH 1
    INCREMENT BY 1
    NO MINVALUE
    NO MAXVALUE
    CACHE 1;


ALTER TABLE silhouette_coef_id_seq OWNER TO postgres;

--
-- TOC entry 2469 (class 0 OID 0)
-- Dependencies: 184
-- Name: silhouette_coef_id_seq; Type: SEQUENCE OWNED BY; Schema: public; Owner: postgres
--

ALTER SEQUENCE silhouette_coef_id_seq OWNED BY silhouette_coef_android.id;


--
-- TOC entry 194 (class 1259 OID 25953)
-- Name: silhouette_coef_ipad; Type: TABLE; Schema: public; Owner: postgres
--

CREATE TABLE silhouette_coef_ipad (
    id integer DEFAULT nextval('silhouette_coef_id_seq'::regclass) NOT NULL,
    exercise_type_id integer NOT NULL,
    parameter_id integer NOT NULL,
    result numeric NOT NULL,
    hand_id integer NOT NULL
);


ALTER TABLE silhouette_coef_ipad OWNER TO postgres;

--
-- TOC entry 190 (class 1259 OID 25893)
-- Name: test_data; Type: TABLE; Schema: public; Owner: postgres
--

CREATE TABLE test_data (
    id integer NOT NULL,
    patient_id integer NOT NULL,
    test_id character varying(300) NOT NULL,
    test_time timestamp without time zone NOT NULL
);


ALTER TABLE test_data OWNER TO postgres;

--
-- TOC entry 189 (class 1259 OID 25891)
-- Name: test_data_id_seq; Type: SEQUENCE; Schema: public; Owner: postgres
--

CREATE SEQUENCE test_data_id_seq
    START WITH 1
    INCREMENT BY 1
    NO MINVALUE
    NO MAXVALUE
    CACHE 1;


ALTER TABLE test_data_id_seq OWNER TO postgres;

--
-- TOC entry 2470 (class 0 OID 0)
-- Dependencies: 189
-- Name: test_data_id_seq; Type: SEQUENCE OWNED BY; Schema: public; Owner: postgres
--

ALTER SEQUENCE test_data_id_seq OWNED BY test_data.id;


--
-- TOC entry 192 (class 1259 OID 25903)
-- Name: test_results; Type: TABLE; Schema: public; Owner: postgres
--

CREATE TABLE test_results (
    id integer NOT NULL,
    parameter_id integer NOT NULL,
    value numeric NOT NULL,
    test_data_id integer NOT NULL
);


ALTER TABLE test_results OWNER TO postgres;

--
-- TOC entry 191 (class 1259 OID 25901)
-- Name: test_results_id_seq; Type: SEQUENCE; Schema: public; Owner: postgres
--

CREATE SEQUENCE test_results_id_seq
    START WITH 1
    INCREMENT BY 1
    NO MINVALUE
    NO MAXVALUE
    CACHE 1;


ALTER TABLE test_results_id_seq OWNER TO postgres;

--
-- TOC entry 2471 (class 0 OID 0)
-- Dependencies: 191
-- Name: test_results_id_seq; Type: SEQUENCE OWNED BY; Schema: public; Owner: postgres
--

ALTER SEQUENCE test_results_id_seq OWNED BY test_results.id;


--
-- TOC entry 2297 (class 2604 OID 25827)
-- Name: id; Type: DEFAULT; Schema: public; Owner: postgres
--

ALTER TABLE ONLY c_data_android ALTER COLUMN id SET DEFAULT nextval('c_data_id_seq'::regclass);


--
-- TOC entry 2300 (class 2604 OID 25860)
-- Name: id; Type: DEFAULT; Schema: public; Owner: postgres
--

ALTER TABLE ONLY distance_ratio_android ALTER COLUMN id SET DEFAULT nextval('distance_ratio_id_seq'::regclass);


--
-- TOC entry 2298 (class 2604 OID 25838)
-- Name: id; Type: DEFAULT; Schema: public; Owner: postgres
--

ALTER TABLE ONLY pd_data_android ALTER COLUMN id SET DEFAULT nextval('pd_data_id_seq'::regclass);


--
-- TOC entry 2299 (class 2604 OID 25849)
-- Name: id; Type: DEFAULT; Schema: public; Owner: postgres
--

ALTER TABLE ONLY silhouette_coef_android ALTER COLUMN id SET DEFAULT nextval('silhouette_coef_id_seq'::regclass);


--
-- TOC entry 2301 (class 2604 OID 25896)
-- Name: id; Type: DEFAULT; Schema: public; Owner: postgres
--

ALTER TABLE ONLY test_data ALTER COLUMN id SET DEFAULT nextval('test_data_id_seq'::regclass);


--
-- TOC entry 2302 (class 2604 OID 25906)
-- Name: id; Type: DEFAULT; Schema: public; Owner: postgres
--

ALTER TABLE ONLY test_results ALTER COLUMN id SET DEFAULT nextval('test_results_id_seq'::regclass);


--
-- TOC entry 2444 (class 0 OID 25824)
-- Dependencies: 181
-- Data for Name: c_data_android; Type: TABLE DATA; Schema: public; Owner: postgres
--

COPY c_data_android (id, hand_id, exercise_type_id, test_id, parameter_id, result) FROM stdin;
1	1	3	1	1	3789.14615227719
2	1	3	1	2	641.099430667878
3	1	3	1	3	35840.0749867999
4	1	3	1	4	836771.194232353
5	1	3	1	5	1629.42815045
6	1	3	1	6	58.697
7	1	3	1	7	91951266.7756419
8	1	3	1	8	34593.0163357011
9	1	3	1	9	64.5543409761519
10	1	3	1	10	10.9221839390067
11	1	3	1	11	610.594663897643
12	1	3	1	12	14255.7744728411
13	1	3	1	13	27.7599902967784
14	1	3	1	14	1
15	1	3	1	15	1566541.16523233
16	1	3	1	16	589.348967335657
17	1	3	1	17	12.4142968433668
18	1	3	1	18	0.564401853290614
19	1	3	1	19	10.4199525188263
20	1	3	1	20	0.753218490945712
21	1	3	2	1	2418.13699051486
22	1	3	2	2	521.827192834119
23	1	3	2	3	29955.3004923412
24	1	3	2	4	491866.55061101
25	1	3	2	5	542.60801254
26	1	3	2	6	11.353
27	1	3	2	7	47679941.0856477
28	1	3	2	8	43180.6162279875
29	1	3	2	9	212.995418877377
30	1	3	2	10	45.9638151003364
31	1	3	2	11	2638.53611312791
32	1	3	2	12	43324.808474501
33	1	3	2	13	47.7942405126399
34	1	3	2	14	1
35	1	3	2	15	4199765.79632236
36	1	3	2	16	3803.45426125143
37	1	3	2	17	45.8733545058824
38	1	3	2	18	0.830946420428791
39	1	3	2	19	7.3940972419257
40	1	3	2	20	-2.30599617349324
41	1	3	3	1	5513.73832174294
42	1	3	3	2	729.259837845687
43	1	3	3	3	43529.774457556
44	1	3	3	4	694119.993514155
45	1	3	3	5	598.56598104
46	1	3	3	6	21.216
47	1	3	3	7	72939322.5060695
48	1	3	3	8	36240.5871909126
49	1	3	3	9	259.88585603992
50	1	3	3	10	34.3731069874475
51	1	3	3	11	2051.74276289385
52	1	3	3	12	32716.8171905239
53	1	3	3	13	28.2129515950226
54	1	3	3	14	1
55	1	3	3	15	3437939.40922273
56	1	3	3	16	1708.1724731765
57	1	3	3	17	34.5200431860079
58	1	3	3	18	0.474675639206978
59	1	3	3	19	8.70428522183435
60	1	3	3	20	-0.47982376754101
61	1	3	4	1	3418.52436162922
62	1	3	4	2	495.880566734276
63	1	3	4	3	28976.5446810176
64	1	3	4	4	532062.269934187
65	1	3	4	5	378.081133379001
66	1	3	4	6	20.832
67	1	3	4	7	54207680.3096124
68	1	3	4	8	20055.0882737336
69	1	3	4	9	164.099671737194
70	1	3	4	10	23.8037906458466
71	1	3	4	11	1390.96316633149
72	1	3	4	12	25540.6235567486
73	1	3	4	13	18.1490559417723
74	1	3	4	14	1
75	1	3	4	15	2602135.19151365
76	1	3	4	16	962.705850313631
77	1	3	4	17	24.6189844358689
78	1	3	4	18	0.321224412386576
79	1	3	4	19	9.07549390696394
80	1	3	4	20	1.11082558082592
81	1	3	5	1	3365.64372219243
82	1	3	5	2	543.806737739974
83	1	3	5	3	32344.3199480766
84	1	3	5	4	733028.439967432
85	1	3	5	5	2019.71750391998
86	1	3	5	6	45.014
87	1	3	5	7	84466008.1469038
88	1	3	5	8	112859.289026101
89	1	3	5	9	74.7688213043149
90	1	3	5	10	12.0808356897848
91	1	3	5	11	718.539120008811
92	1	3	5	12	16284.4546133965
93	1	3	5	13	44.8686520620248
94	1	3	5	14	1
95	1	3	5	15	1876438.62235979
96	1	3	5	16	2507.20418150134
97	1	3	5	17	12.6691421653257
98	1	3	5	18	0.791115356020362
99	1	3	5	19	20.325589997001
100	1	3	5	20	-0.581071536760453
101	1	3	6	1	3056.00385179121
102	1	3	6	2	618.406667178308
103	1	3	6	3	36797.1837186104
104	1	3	6	4	704029.064061665
105	1	3	6	5	1052.01173097
106	1	3	6	6	30.132
107	1	3	6	7	74054325.3753323
108	1	3	6	8	36870.5663950816
109	1	3	6	9	101.420544663189
110	1	3	6	10	20.5232532582739
111	1	3	6	11	1221.19951276418
112	1	3	6	12	23364.8302157728
113	1	3	6	13	34.9134385692951
114	1	3	6	14	1
115	1	3	6	15	2457663.79182704
116	1	3	6	16	1223.63488633617
117	1	3	6	17	20.8364573718066
118	1	3	6	18	0.595703131919592
119	1	3	6	19	2.47781609382363
120	1	3	6	20	-1.18177724739469
121	1	3	7	1	4108.3365891555
122	1	3	7	2	577.574684284237
123	1	3	7	3	34496.8052083799
124	1	3	7	4	624022.026168459
125	1	3	7	5	948.081129704002
126	1	3	7	6	27.649
127	1	3	7	7	63918025.4900939
128	1	3	7	8	25400.2149481079
129	1	3	7	9	148.588975700948
130	1	3	7	10	20.8895325069347
131	1	3	7	11	1247.66918182863
132	1	3	7	12	22569.4247954161
133	1	3	7	13	34.2898885928606
134	1	3	7	14	1
135	1	3	7	15	2311766.2660528
136	1	3	7	16	918.666676845741
137	1	3	7	17	23.0593617703074
138	1	3	7	18	0.633744070657756
139	1	3	7	19	5.11193205879718
140	1	3	7	20	-1.93615081036374
141	1	3	8	1	3143.23522426832
142	1	3	8	2	550.536727136053
143	1	3	8	3	32849.5419081808
144	1	3	8	4	545041.446709987
145	1	3	8	5	507.797652304999
146	1	3	8	6	14.105
147	1	3	8	7	53068591.1908611
148	1	3	8	8	43264.8434331743
149	1	3	8	9	222.845460777619
150	1	3	8	10	39.031317060337
151	1	3	8	11	2328.92888395468
152	1	3	8	12	38641.7190152419
153	1	3	8	13	36.001251492733
154	1	3	8	14	1
155	1	3	8	15	3762395.6888239
156	1	3	8	16	3067.34090274189
157	1	3	8	17	39.4352243795688
158	1	3	8	18	0.609601023175269
159	1	3	8	19	3.83935913789041
160	1	3	8	20	-0.65730569518525
161	1	3	9	1	3925.89531958983
162	1	3	9	2	584.166993298712
163	1	3	9	3	34634.1590233211
164	1	3	9	4	719067.189881773
165	1	3	9	5	1548.72629048
166	1	3	9	6	41.814
167	1	3	9	7	76971684.7941481
168	1	3	9	8	38356.5633074628
169	1	3	9	9	93.8894944178943
170	1	3	9	10	13.970607770094
171	1	3	9	11	828.290979655645
172	1	3	9	12	17196.8046558993
173	1	3	9	13	37.0384629664706
174	1	3	9	14	1
175	1	3	9	15	1840811.32621008
176	1	3	9	16	917.313897437767
177	1	3	9	17	15.7786601472989
178	1	3	9	18	0.705570064000002
179	1	3	9	19	11.3584273329911
180	1	3	9	20	-0.237768334058813
181	1	3	10	1	2835.21360293911
182	1	3	10	2	620.401871034155
183	1	3	10	3	36882.9440900964
184	1	3	10	4	578283.616804196
185	1	3	10	5	509.13489843
186	1	3	10	6	14.532
187	1	3	10	7	57436744.5630059
188	1	3	10	8	21043.4600827291
189	1	3	10	9	195.101404000764
190	1	3	10	10	42.6921188435284
191	1	3	10	11	2538.05010253898
192	1	3	10	12	39793.8079276216
193	1	3	10	13	35.035432041701
194	1	3	10	14	1
195	1	3	10	15	3952432.188481
196	1	3	10	16	1448.07735223845
197	1	3	10	17	42.6392417226548
198	1	3	10	18	0.588595258300578
199	1	3	10	19	3.2170628870314
200	1	3	10	20	1.72651025920567
201	1	5	1	1	3022.75202447248
202	1	5	1	2	425.843223711061
203	1	5	1	3	25386.2843294694
204	1	5	1	4	628698.498178651
205	1	5	1	5	759.378297609997
206	1	5	1	6	40.348
207	1	5	1	7	71216208.0058543
208	1	5	1	8	25408.4105350995
209	1	5	1	9	74.9170225159236
210	1	5	1	10	10.5542585434485
211	1	5	1	11	629.183214272564
212	1	5	1	12	15581.8999251178
213	1	5	1	13	18.8207172006047
214	1	5	1	14	1
215	1	5	1	15	1765049.27148444
216	1	5	1	16	629.731598470791
217	1	5	1	17	10.9329389877129
218	1	5	1	18	0.327036303880274
219	1	5	1	19	10.4768288304991
220	1	5	1	20	0.145143477479205
221	1	5	2	1	2533.87845617001
222	1	5	2	2	421.371213518851
223	1	5	2	3	25125.5839102657
224	1	5	2	4	415524.530543172
225	1	5	2	5	511.83870625
226	1	5	2	6	11.449
227	1	5	2	7	39970990.0158487
228	1	5	2	8	12950.8203915223
229	1	5	2	9	221.318757635602
230	1	5	2	10	36.8041936866846
231	1	5	2	11	2194.56580577044
232	1	5	2	12	36293.5217523951
233	1	5	2	13	44.7059748668006
234	1	5	2	14	1
235	1	5	2	15	3491221.06872641
236	1	5	2	16	1131.1748092866
237	1	5	2	17	36.9493881033319
238	1	5	2	18	0.752703979779412
239	1	5	2	19	4.70926841338794
240	1	5	2	20	-2.01958011742113
241	1	5	3	1	2187.37581602578
242	1	5	3	2	390.343093581589
243	1	5	3	3	21304.1468630448
244	1	5	3	4	372159.474658612
245	1	5	3	5	197.064515534
246	1	5	3	6	15.049
247	1	5	3	7	37023307.9163903
248	1	5	3	8	14982.3739786637
249	1	5	3	9	145.35024360594
250	1	5	3	10	25.9381416427396
251	1	5	3	11	1415.65199435476
252	1	5	3	12	24729.8474754875
253	1	5	3	13	13.0948578333444
254	1	5	3	14	1
255	1	5	3	15	2460183.92693138
256	1	5	3	16	995.572727667203
257	1	5	3	17	26.5969374070472
258	1	5	3	18	0.246023115523097
259	1	5	3	19	12.1207944437012
260	1	5	3	20	-0.0682933240290109
261	1	5	4	1	2617.46348862041
262	1	5	4	2	405.421119959851
263	1	5	4	3	24234.7733567881
264	1	5	4	4	441671.513142418
265	1	5	4	5	234.54838614
266	1	5	4	6	14.782
267	1	5	4	7	42426090.9328837
268	1	5	4	8	14512.6880538477
269	1	5	4	9	177.070997741876
270	1	5	4	10	27.4266756839298
271	1	5	4	11	1639.47864678582
272	1	5	4	12	29879.0091423636
273	1	5	4	13	15.8671618278988
274	1	5	4	14	1
275	1	5	4	15	2870118.45033715
276	1	5	4	16	981.781088746293
277	1	5	4	17	27.6968838363292
278	1	5	4	18	0.268055298445714
279	1	5	4	19	7.72702484098284
280	1	5	4	20	-0.0192291080477341
281	1	5	5	1	2749.63745706393
282	1	5	5	2	432.571022712541
283	1	5	5	3	25897.4365404002
284	1	5	5	4	677776.787146369
285	1	5	5	5	1750.23263735
286	1	5	5	6	43.214
287	1	5	5	7	78047004.6567344
288	1	5	5	8	26480.3520452208
289	1	5	5	9	63.6283948966521
290	1	5	5	10	10.0099741452432
291	1	5	5	11	599.283485453794
292	1	5	5	12	15684.1946393847
293	1	5	5	13	40.5015188908687
294	1	5	5	14	1
295	1	5	5	15	1806058.3296324
296	1	5	5	16	612.772528468108
297	1	5	5	17	10.4551621075496
298	1	5	5	18	0.706593717137667
299	1	5	5	19	20.5893202215897
300	1	5	5	20	0.204496128583192
301	1	5	6	1	2489.44318686605
302	1	5	6	2	424.775081264668
303	1	5	6	3	25457.9300321572
304	1	5	6	4	704758.556108603
305	1	5	6	5	1483.93645562
306	1	5	6	6	44.431
307	1	5	6	7	85670666.0368803
308	1	5	6	8	26238.1428650577
309	1	5	6	9	56.029420604219
310	1	5	6	10	9.56033132868197
311	1	5	6	11	572.976751190772
312	1	5	6	12	15861.8657268259
313	1	5	6	13	33.3986733501384
314	1	5	6	14	1
315	1	5	6	15	1928173.25824042
316	1	5	6	16	590.536851861487
317	1	5	6	17	10.2652943678053
318	1	5	6	18	0.598361474040321
319	1	5	6	19	32.774530072282
320	1	5	6	20	-0.677208434805121
321	1	5	7	1	2537.91346114193
322	1	5	7	2	428.189702572756
323	1	5	7	3	25550.3290488034
324	1	5	7	4	527747.269029207
325	1	5	7	5	870.767346360001
326	1	5	7	6	29.132
327	1	5	7	7	55261409.5760311
328	1	5	7	8	19013.601853998
329	1	5	7	9	87.1177214452124
330	1	5	7	10	14.6982597340641
331	1	5	7	11	877.053722669347
332	1	5	7	12	18115.7239128521
333	1	5	7	13	29.8904073307703
334	1	5	7	14	1
335	1	5	7	15	1896931.53837811
336	1	5	7	16	652.670666414871
337	1	5	7	17	15.9092957962661
338	1	5	7	18	0.542196355143214
339	1	5	7	19	9.22875973390034
340	1	5	7	20	0.0471406328922849
341	1	5	8	1	1920.41483922092
342	1	5	8	2	399.94962778375
343	1	5	8	3	23894.9703576653
344	1	5	8	4	437901.575294721
345	1	5	8	5	508.31671357
346	1	5	8	6	13.882
347	1	5	8	7	42656223.9913171
348	1	5	8	8	14479.189184066
349	1	5	8	9	138.338484312125
350	1	5	8	10	28.8106632894216
351	1	5	8	11	1721.2916263986
352	1	5	8	12	31544.5595227432
353	1	5	8	13	36.6169653918743
354	1	5	8	14	1
355	1	5	8	15	3072772.22239714
356	1	5	8	16	1043.01895865625
357	1	5	8	17	29.0339858537853
358	1	5	8	18	0.617638777120291
359	1	5	8	19	3.09912139657359
360	1	5	8	20	-1.27305344492019
361	1	5	9	1	2867.69241641885
362	1	5	9	2	543.842860167494
363	1	5	9	3	26514.5484560956
364	1	5	9	4	641091.10082053
365	1	5	9	5	1285.90116648
366	1	5	9	6	40.828
367	1	5	9	7	69628991.6781384
368	1	5	9	8	26080.4225988552
369	1	5	9	9	70.2383760267182
370	1	5	9	10	13.320340456733
371	1	5	9	11	649.420702853325
372	1	5	9	12	15702.24112914
373	1	5	9	13	31.4955708454982
374	1	5	9	14	1
375	1	5	9	15	1705422.54526644
376	1	5	9	16	638.787660401078
377	1	5	9	17	12.0905373716806
378	1	5	9	18	0.586366240984953
379	1	5	9	19	9.82332826362547
380	1	5	9	20	0.487551617214682
381	1	5	10	1	2689.58256530407
382	1	5	10	2	425.620857607381
383	1	5	10	3	25481.0250981055
384	1	5	10	4	440439.710256657
385	1	5	10	5	530.76832819
386	1	5	10	6	15.449
387	1	5	10	7	45300989.9898131
388	1	5	10	8	14541.2055782209
389	1	5	10	9	174.094282173867
390	1	5	10	10	27.5500587486168
391	1	5	10	11	1649.3640428575
392	1	5	10	12	28509.2698722673
393	1	5	10	13	34.3561607994045
394	1	5	10	14	1
395	1	5	10	15	2932292.70437007
396	1	5	10	16	941.239276213405
397	1	5	10	17	27.7873774243245
398	1	5	10	18	0.578809518200654
399	1	5	10	19	13.5674714628145
400	1	5	10	20	0.0826286391590166
401	2	3	1	1	4057.31884403287
402	2	3	1	2	552.617801040768
403	2	3	1	3	31173.5714902967
404	2	3	1	4	722461.670630968
405	2	3	1	5	743.814269270997
406	2	3	1	6	51.33
407	2	3	1	7	79558040.568279
408	2	3	1	8	25711.7194356084
409	2	3	1	9	79.0438114948931
410	2	3	1	10	10.7659809281272
411	2	3	1	11	607.316802850121
412	2	3	1	12	14074.8425994734
413	2	3	1	13	14.4908293253652
414	2	3	1	14	1
415	2	3	1	15	1549932.60409661
416	2	3	1	16	500.910177977955
417	2	3	1	17	11.7282059782907
418	2	3	1	18	0.279839830425507
419	2	3	1	19	9.73415876290561
420	2	3	1	20	0.0571566232645539
421	2	3	2	1	2712.81355357976
422	2	3	2	2	619.169234021006
423	2	3	2	3	37066.7916817384
424	2	3	2	4	589337.994878309
425	2	3	2	5	563.38905396
426	2	3	2	6	12.932
427	2	3	2	7	59564427.348385
428	2	3	2	8	39146.197819833
429	2	3	2	9	209.775251591382
430	2	3	2	10	47.8788458104706
431	2	3	2	11	2866.28454080873
432	2	3	2	12	45572.0688894455
433	2	3	2	13	43.5655006155274
434	2	3	2	14	1
435	2	3	2	15	4605971.80238053
436	2	3	2	16	3027.07994276469
437	2	3	2	17	48.0139788623555
438	2	3	2	18	0.7297785673057
439	2	3	2	19	6.56708397846462
440	2	3	2	20	1.98635279672876
441	2	3	3	1	2632.95331848469
442	2	3	3	2	566.394998797031
443	2	3	3	3	33570.7377128561
444	2	3	3	4	583716.757348166
445	2	3	3	5	557.085042509999
446	2	3	3	6	18.099
447	2	3	3	7	58079374.9137371
448	2	3	3	8	24590.4843002644
449	2	3	3	9	145.475071467191
450	2	3	3	10	31.2942703352136
451	2	3	3	11	1854.83936752617
452	2	3	3	12	32251.3264461112
453	2	3	3	13	30.7798796900381
454	2	3	3	14	1
455	2	3	3	15	3208982.53570568
456	2	3	3	16	1358.66535721666
457	2	3	3	17	31.3159866724404
458	2	3	3	18	0.519668882938432
459	2	3	3	19	0.954611472451077
460	2	3	3	20	-3.00498283604207
461	2	3	4	1	1670.09026383279
462	2	3	4	2	402.549431311541
463	2	3	4	3	23897.1212197194
464	2	3	4	4	402051.762504656
465	2	3	4	5	435.636362994
466	2	3	4	6	19.932
467	2	3	4	7	41983263.8979629
468	2	3	4	8	53365.5676325954
469	2	3	4	9	83.7893971419221
470	2	3	4	10	20.1961384362604
471	2	3	4	11	1198.93243125223
472	2	3	4	12	20171.170103585
473	2	3	4	13	21.8561289882601
474	2	3	4	14	1
475	2	3	4	15	2106324.69887432
476	2	3	4	16	2677.38147865721
477	2	3	4	17	20.4423620356881
478	2	3	4	18	0.372657282287425
479	2	3	4	19	3.85000635647396
480	2	3	4	20	-1.01866751106731
481	2	3	5	1	3109.65389868641
482	2	3	5	2	579.499805474035
483	2	3	5	3	34302.466464878
484	2	3	5	4	555859.532203904
485	2	3	5	5	442.724342199999
486	2	3	5	6	11.192
487	2	3	5	7	53388961.6622341
488	2	3	5	8	66225.0442698401
489	2	3	5	9	277.84613104775
490	2	3	5	10	51.7780383733055
491	2	3	5	11	3064.90944110775
492	2	3	5	12	49665.790940306
493	2	3	5	13	39.5572142780557
494	2	3	5	14	1
495	2	3	5	15	4770278.91907024
496	2	3	5	16	5917.17693619014
497	2	3	5	17	51.8164145995135
498	2	3	5	18	0.668767888519637
499	2	3	5	19	0.219102416656893
500	2	3	5	20	0.758688928153376
501	2	3	6	1	3525.02797360963
502	2	3	6	2	655.533545610494
503	2	3	6	3	39148.3193534702
504	2	3	6	4	668936.059659027
505	2	3	6	5	852.117302214997
506	2	3	6	6	30.265
507	2	3	6	7	72186723.808049
508	2	3	6	8	48884.2024742393
509	2	3	6	9	116.472095609107
510	2	3	6	10	21.6597900416486
511	2	3	6	11	1293.51790363358
512	2	3	6	12	22102.6287678515
513	2	3	6	13	28.1552057563191
514	2	3	6	14	1
515	2	3	6	15	2385155.25551128
516	2	3	6	16	1615.20576488483
517	2	3	6	17	22.1427145664424
518	2	3	6	18	0.48196679989536
519	2	3	6	19	8.40918166982686
520	2	3	6	20	1.51838856518456
521	2	3	7	1	3743.92935463235
522	2	3	7	2	744.327911054138
523	2	3	7	3	44298.0724126082
524	2	3	7	4	763491.133578909
525	2	3	7	5	1096.67741623
526	2	3	7	6	35.865
527	2	3	7	7	82232460.4393933
528	2	3	7	8	39189.168464631
529	2	3	7	9	104.389498247103
530	2	3	7	10	20.7536013119793
531	2	3	7	11	1235.13376307286
532	2	3	7	12	21287.9167316021
533	2	3	7	13	30.5779287949255
534	2	3	7	14	1
535	2	3	7	15	2292833.13646712
536	2	3	7	16	1092.68558384584
537	2	3	7	17	22.4977513522642
538	2	3	7	18	0.556971770558661
539	2	3	7	19	7.7445832366467
540	2	3	7	20	-1.2163336346199
541	2	3	8	1	2077.92886215814
542	2	3	8	2	612.153722534506
543	2	3	8	3	36644.3803281161
544	2	3	8	4	617762.870501336
545	2	3	8	5	305.344085769999
546	2	3	8	6	14.433
547	2	3	8	7	62664674.8272898
548	2	3	8	8	48033.4235454654
549	2	3	8	9	143.970682613326
550	2	3	8	10	42.4134776231211
551	2	3	8	11	2538.9302520693
552	2	3	8	12	42802.1111689417
553	2	3	8	13	21.1559679740871
554	2	3	8	14	1
555	2	3	8	15	4341763.65463104
556	2	3	8	16	3328.02768277319
557	2	3	8	17	42.6097445675769
558	2	3	8	18	0.355051262523255
559	2	3	8	19	22.0335179075501
560	2	3	8	20	-1.50379201293395
561	2	3	9	1	2993.83237732317
562	2	3	9	2	648.6669962602
563	2	3	9	3	37836.8683801037
564	2	3	9	4	701936.811814824
565	2	3	9	5	1190.75464133
566	2	3	9	6	32.198
567	2	3	9	7	74536656.8052574
568	2	3	9	8	32802.2595206003
569	2	3	9	9	92.9819360619656
570	2	3	9	10	20.1461890881483
571	2	3	9	11	1175.13101373078
572	2	3	9	12	21800.6339466683
573	2	3	9	13	36.9822548397417
574	2	3	9	14	1
575	2	3	9	15	2314946.79188948
576	2	3	9	16	1018.76698927264
577	2	3	9	17	21.3045430068152
578	2	3	9	18	0.670469955703832
579	2	3	9	19	7.25384423991711
580	2	3	9	20	0.205915759575788
581	2	3	10	1	3290.38377839326
582	2	3	10	2	636.830358790384
583	2	3	10	3	35566.1836209297
584	2	3	10	4	555204.776455959
585	2	3	10	5	304.472139999
586	2	3	10	6	17.799
587	2	3	10	7	56976546.1213497
588	2	3	10	8	31482.1011492857
589	2	3	10	9	184.863406842702
590	2	3	10	10	35.7789965048814
591	2	3	10	11	1998.21246255012
592	2	3	10	12	31193.0319937052
593	2	3	10	13	17.1061374233945
594	2	3	10	14	1
595	2	3	10	15	3201109.39498566
596	2	3	10	16	1768.75673629337
597	2	3	10	17	36.7419252282331
598	2	3	10	18	0.31453733470971
599	2	3	10	19	1.85771552844206
600	2	3	10	20	0.445345514445865
601	2	5	1	1	2409.4833223622
602	2	5	1	2	403.354832017015
603	2	5	1	3	21590.7611870475
604	2	5	1	4	589642.62061911
605	2	5	1	5	541.075268597
606	2	5	1	6	52.863
607	2	5	1	7	65082924.9946169
608	2	5	1	8	28102.9603495317
609	2	5	1	9	45.5797688811115
610	2	5	1	10	7.630191854738
611	2	5	1	11	408.428601990949
612	2	5	1	12	11154.1649285722
613	2	5	1	13	10.2354249398823
614	2	5	1	14	1
615	2	5	1	15	1231162.15490261
616	2	5	1	16	531.618719133075
617	2	5	1	17	8.90707969762687
618	2	5	1	18	0.223215869883251
619	2	5	1	19	10.8864072476658
620	2	5	1	20	0.0827397287349893
621	2	5	2	1	2246.59462456011
622	2	5	2	2	405.910290305335
623	2	5	2	3	24211.5895938051
624	2	5	2	4	398897.357746896
625	2	5	2	5	586.739977169999
626	2	5	2	6	14.133
627	2	5	2	7	40109795.2254361
628	2	5	2	8	13393.3191072359
629	2	5	2	9	158.960915910289
630	2	5	2	10	28.7207450863465
631	2	5	2	11	1713.12457325445
632	2	5	2	12	28224.535324906
633	2	5	2	13	41.5156001676926
634	2	5	2	14	1
635	2	5	2	15	2838024.14387859
636	2	5	2	16	947.662853409462
637	2	5	2	17	28.8233209450061
638	2	5	2	18	0.698499972821428
639	2	5	2	19	2.47078552435888
640	2	5	2	20	-1.28899833993894
641	2	5	3	1	1894.10622505327
642	2	5	3	2	414.243306335213
643	2	5	3	3	24555.0895234483
644	2	5	3	4	434403.654301996
645	2	5	3	5	322.01466194
646	2	5	3	6	11.499
647	2	5	3	7	40395716.8899697
648	2	5	3	8	13084.9868332927
649	2	5	3	9	164.719212544853
650	2	5	3	10	36.0242896195507
651	2	5	3	11	2135.41086385323
652	2	5	3	12	37777.515810244
653	2	5	3	13	28.0037100565267
654	2	5	3	14	1
655	2	5	3	15	3512976.51012868
656	2	5	3	16	1137.9238919291
657	2	5	3	17	35.9518148220326
658	2	5	3	18	0.471470954524159
659	2	5	3	19	6.75287774722332
660	2	5	3	20	-1.73143157033521
661	2	5	4	1	3090.84936221691
662	2	5	4	2	419.500241508249
663	2	5	4	3	23571.1731620902
664	2	5	4	4	410395.494894738
665	2	5	4	5	340.062560063999
666	2	5	4	6	21.699
667	2	5	4	7	41299909.1584184
668	2	5	4	8	17571.3370077566
669	2	5	4	9	142.442018628366
670	2	5	4	10	19.332699272236
671	2	5	4	11	1086.27923692752
672	2	5	4	12	18913.1063594976
673	2	5	4	13	15.671807920365
674	2	5	4	14	1
675	2	5	4	15	1903309.330311
676	2	5	4	16	809.776349497978
677	2	5	4	17	19.3841884556663
678	2	5	4	18	0.279656710578947
679	2	5	4	19	6.13125767613271
680	2	5	4	20	-0.687784343812328
681	2	5	5	1	1810.99291506072
682	2	5	5	2	400.266709103067
683	2	5	5	3	23919.2371412654
684	2	5	5	4	406795.722522492
685	2	5	5	5	632.693061339999
686	2	5	5	6	16.666
687	2	5	5	7	42495560.9521189
688	2	5	5	8	14893.9813596286
689	2	5	5	9	108.663921460501
690	2	5	5	10	24.016963224713
691	2	5	5	11	1435.2116369414
692	2	5	5	12	24408.7197001375
693	2	5	5	13	37.9631022044881
694	2	5	5	14	1
695	2	5	5	15	2549835.65055316
696	2	5	5	16	893.67462856286
697	2	5	5	17	24.2342828178981
698	2	5	5	18	0.641026404599796
699	2	5	5	19	6.27329113650197
700	2	5	5	20	-0.651190289881929
701	2	5	6	1	2103.5523146225
702	2	5	6	2	402.218514322036
703	2	5	6	3	24088.8448335855
704	2	5	6	4	554844.831983069
705	2	5	6	5	905.599218840998
706	2	5	6	6	33.032
707	2	5	6	7	61587380.055747
708	2	5	6	8	21437.151468009
709	2	5	6	9	63.6822570423377
710	2	5	6	10	12.17663218461
711	2	5	6	11	729.257835843592
712	2	5	6	12	16797.1915712966
713	2	5	6	13	27.4158155376907
714	2	5	6	14	1
715	2	5	6	15	1864476.26712724
716	2	5	6	16	648.981335311485
717	2	5	6	17	12.552811273364
718	2	5	6	18	0.471912047337675
719	2	5	6	19	15.7874776729257
720	2	5	6	20	0.0694491801660571
721	2	5	7	1	1860.1969150656
722	2	5	7	2	414.173433124232
723	2	5	7	3	24784.4127123589
724	2	5	7	4	470866.235595914
725	2	5	7	5	896.935479890003
726	2	5	7	6	26.615
727	2	5	7	7	49629299.6288788
728	2	5	7	8	19054.6221392782
729	2	5	7	9	69.8928016180952
730	2	5	7	10	15.561654447651
731	2	5	7	11	931.219714911097
732	2	5	7	12	17691.7616229913
733	2	5	7	13	33.7003749723841
734	2	5	7	14	1
735	2	5	7	15	1864711.6148367
736	2	5	7	16	715.935455167321
737	2	5	7	17	15.7963114801522
738	2	5	7	18	0.571660599037605
739	2	5	7	19	8.84576698479476
740	2	5	7	20	-0.0757305127909166
741	2	5	8	1	1798.46900640503
742	2	5	8	2	395.912217315311
743	2	5	8	3	23657.3947585668
744	2	5	8	4	436913.074081941
745	2	5	8	5	451.781035730001
746	2	5	8	6	16.732
747	2	5	8	7	43117107.2362516
748	2	5	8	8	15154.8142955395
749	2	5	8	9	107.486792159038
750	2	5	8	10	23.6619780848262
751	2	5	8	11	1413.90119283808
752	2	5	8	12	26112.4237438406
753	2	5	8	13	27.0010181526417
754	2	5	8	14	1
755	2	5	8	15	2576924.88861174
756	2	5	8	16	905.738363348047
757	2	5	8	17	23.872244963236
758	2	5	8	18	0.455883991654895
759	2	5	8	19	5.55312011738591
760	2	5	8	20	0.369429315609618
761	2	5	9	1	1860.320969535
762	2	5	9	2	429.522247179949
763	2	5	9	3	25715.0801620852
764	2	5	9	4	511327.556070544
765	2	5	9	5	820.323555114999
766	2	5	9	6	26.886
767	2	5	9	7	55184323.9272685
768	2	5	9	8	19629.9146866716
769	2	5	9	9	69.1929245531131
770	2	5	9	10	15.9756842661589
771	2	5	9	11	956.448715394078
772	2	5	9	12	19018.357363332
773	2	5	9	13	30.5111788706017
774	2	5	9	14	1
775	2	5	9	15	2052530.08730449
776	2	5	9	16	730.116591782773
777	2	5	9	17	16.3063285745626
778	2	5	9	18	0.520179806667723
779	2	5	9	19	13.0675797065007
780	2	5	9	20	-0.33980778979488
781	2	5	10	1	3290.38377839326
782	2	5	10	2	636.830358790384
783	2	5	10	3	35566.1836209297
784	2	5	10	4	555204.776455959
785	2	5	10	5	304.472139999
786	2	5	10	6	17.799
787	2	5	10	7	56976546.1213497
788	2	5	10	8	7390.37766339963
789	2	5	10	9	184.863406842702
790	2	5	10	10	35.7789965048814
791	2	5	10	11	1998.21246255012
792	2	5	10	12	31193.0319937052
793	2	5	10	13	17.1061374233945
794	2	5	10	14	1
795	2	5	10	15	3201109.39498566
796	2	5	10	16	415.21308294846
797	2	5	10	17	36.7419252282331
798	2	5	10	18	0.31453733470971
799	2	5	10	19	1.85771552844206
800	2	5	10	20	0.445345514445865
801	2	3	1	1	4057.31884403287
802	2	3	1	2	552.617801040768
803	2	3	1	3	31173.5714902967
804	2	3	1	4	722461.670630968
805	2	3	1	5	743.814269270997
806	2	3	1	6	51.33
807	2	3	1	7	79558040.568279
808	2	3	1	8	25711.7194356084
809	2	3	1	9	79.0438114948931
810	2	3	1	10	10.7659809281272
811	2	3	1	11	607.316802850121
812	2	3	1	12	14074.8425994734
813	2	3	1	13	14.4908293253652
814	2	3	1	14	1
815	2	3	1	15	1549932.60409661
816	2	3	1	16	500.910177977955
817	2	3	1	17	11.7282059782907
818	2	3	1	18	0.279839830425507
819	2	3	1	19	9.73415876290561
820	2	3	1	20	0.0571566232645539
821	2	3	2	1	2712.81355357976
822	2	3	2	2	619.169234021006
823	2	3	2	3	37066.7916817384
824	2	3	2	4	589337.994878309
825	2	3	2	5	563.38905396
826	2	3	2	6	12.932
827	2	3	2	7	59564427.348385
828	2	3	2	8	39146.197819833
829	2	3	2	9	209.775251591382
830	2	3	2	10	47.8788458104706
831	2	3	2	11	2866.28454080873
832	2	3	2	12	45572.0688894455
833	2	3	2	13	43.5655006155274
834	2	3	2	14	1
835	2	3	2	15	4605971.80238053
836	2	3	2	16	3027.07994276469
837	2	3	2	17	48.0139788623555
838	2	3	2	18	0.7297785673057
839	2	3	2	19	6.56708397846462
840	2	3	2	20	1.98635279672876
841	2	3	3	1	2632.95331848469
842	2	3	3	2	566.394998797031
843	2	3	3	3	33570.7377128561
844	2	3	3	4	583716.757348166
845	2	3	3	5	557.085042509999
846	2	3	3	6	18.099
847	2	3	3	7	58079374.9137371
848	2	3	3	8	24590.4843002644
849	2	3	3	9	145.475071467191
850	2	3	3	10	31.2942703352136
851	2	3	3	11	1854.83936752617
852	2	3	3	12	32251.3264461112
853	2	3	3	13	30.7798796900381
854	2	3	3	14	1
855	2	3	3	15	3208982.53570568
856	2	3	3	16	1358.66535721666
857	2	3	3	17	31.3159866724404
858	2	3	3	18	0.519668882938432
859	2	3	3	19	0.954611472451077
860	2	3	3	20	-3.00498283604207
861	2	3	4	1	1670.09026383279
862	2	3	4	2	402.549431311541
863	2	3	4	3	23897.1212197194
864	2	3	4	4	402051.762504656
865	2	3	4	5	435.636362994
866	2	3	4	6	19.932
867	2	3	4	7	41983263.8979629
868	2	3	4	8	53365.5676325954
869	2	3	4	9	83.7893971419221
870	2	3	4	10	20.1961384362604
871	2	3	4	11	1198.93243125223
872	2	3	4	12	20171.170103585
873	2	3	4	13	21.8561289882601
874	2	3	4	14	1
875	2	3	4	15	2106324.69887432
876	2	3	4	16	2677.38147865721
877	2	3	4	17	20.4423620356881
878	2	3	4	18	0.372657282287425
879	2	3	4	19	3.85000635647396
880	2	3	4	20	-1.01866751106731
881	2	3	5	1	3109.65389868641
882	2	3	5	2	579.499805474035
883	2	3	5	3	34302.466464878
884	2	3	5	4	555859.532203904
885	2	3	5	5	442.724342199999
886	2	3	5	6	11.192
887	2	3	5	7	53388961.6622341
888	2	3	5	8	66225.0442698401
889	2	3	5	9	277.84613104775
890	2	3	5	10	51.7780383733055
891	2	3	5	11	3064.90944110775
892	2	3	5	12	49665.790940306
893	2	3	5	13	39.5572142780557
894	2	3	5	14	1
895	2	3	5	15	4770278.91907024
896	2	3	5	16	5917.17693619014
897	2	3	5	17	51.8164145995135
898	2	3	5	18	0.668767888519637
899	2	3	5	19	0.219102416656893
900	2	3	5	20	0.758688928153376
901	2	3	6	1	3525.02797360963
902	2	3	6	2	655.533545610494
903	2	3	6	3	39148.3193534702
904	2	3	6	4	668936.059659027
905	2	3	6	5	852.117302214997
906	2	3	6	6	30.265
907	2	3	6	7	72186723.808049
908	2	3	6	8	48884.2024742393
909	2	3	6	9	116.472095609107
910	2	3	6	10	21.6597900416486
911	2	3	6	11	1293.51790363358
912	2	3	6	12	22102.6287678515
913	2	3	6	13	28.1552057563191
914	2	3	6	14	1
915	2	3	6	15	2385155.25551128
916	2	3	6	16	1615.20576488483
917	2	3	6	17	22.1427145664424
918	2	3	6	18	0.48196679989536
919	2	3	6	19	8.40918166982686
920	2	3	6	20	1.51838856518456
921	2	3	7	1	3743.92935463235
922	2	3	7	2	744.327911054138
923	2	3	7	3	44298.0724126082
924	2	3	7	4	763491.133578909
925	2	3	7	5	1096.67741623
926	2	3	7	6	35.865
927	2	3	7	7	82232460.4393933
928	2	3	7	8	39189.168464631
929	2	3	7	9	104.389498247103
930	2	3	7	10	20.7536013119793
931	2	3	7	11	1235.13376307286
932	2	3	7	12	21287.9167316021
933	2	3	7	13	30.5779287949255
934	2	3	7	14	1
935	2	3	7	15	2292833.13646712
936	2	3	7	16	1092.68558384584
937	2	3	7	17	22.4977513522642
938	2	3	7	18	0.556971770558661
939	2	3	7	19	7.7445832366467
940	2	3	7	20	-1.2163336346199
941	2	3	8	1	2077.92886215814
942	2	3	8	2	612.153722534506
943	2	3	8	3	36644.3803281161
944	2	3	8	4	617762.870501336
945	2	3	8	5	305.344085769999
946	2	3	8	6	14.433
947	2	3	8	7	62664674.8272898
948	2	3	8	8	48033.4235454654
949	2	3	8	9	143.970682613326
950	2	3	8	10	42.4134776231211
951	2	3	8	11	2538.9302520693
952	2	3	8	12	42802.1111689417
953	2	3	8	13	21.1559679740871
954	2	3	8	14	1
955	2	3	8	15	4341763.65463104
956	2	3	8	16	3328.02768277319
957	2	3	8	17	42.6097445675769
958	2	3	8	18	0.355051262523255
959	2	3	8	19	22.0335179075501
960	2	3	8	20	-1.50379201293395
961	2	3	9	1	2993.83237732317
962	2	3	9	2	648.6669962602
963	2	3	9	3	37836.8683801037
964	2	3	9	4	701936.811814824
965	2	3	9	5	1190.75464133
966	2	3	9	6	32.198
967	2	3	9	7	74536656.8052574
968	2	3	9	8	32802.2595206003
969	2	3	9	9	92.9819360619656
970	2	3	9	10	20.1461890881483
971	2	3	9	11	1175.13101373078
972	2	3	9	12	21800.6339466683
973	2	3	9	13	36.9822548397417
974	2	3	9	14	1
975	2	3	9	15	2314946.79188948
976	2	3	9	16	1018.76698927264
977	2	3	9	17	21.3045430068152
978	2	3	9	18	0.670469955703832
979	2	3	9	19	7.25384423991711
980	2	3	9	20	0.205915759575788
981	2	3	10	1	3290.38377839326
982	2	3	10	2	636.830358790384
983	2	3	10	3	35566.1836209297
984	2	3	10	4	555204.776455959
985	2	3	10	5	304.472139999
986	2	3	10	6	17.799
987	2	3	10	7	56976546.1213497
988	2	3	10	8	31482.1011492857
989	2	3	10	9	184.863406842702
990	2	3	10	10	35.7789965048814
991	2	3	10	11	1998.21246255012
992	2	3	10	12	31193.0319937052
993	2	3	10	13	17.1061374233945
994	2	3	10	14	1
995	2	3	10	15	3201109.39498566
996	2	3	10	16	1768.75673629337
997	2	3	10	17	36.7419252282331
998	2	3	10	18	0.31453733470971
999	2	3	10	19	1.85771552844206
1000	2	3	10	20	0.445345514445865
\.


--
-- TOC entry 2472 (class 0 OID 0)
-- Dependencies: 180
-- Name: c_data_id_seq; Type: SEQUENCE SET; Schema: public; Owner: postgres
--

SELECT pg_catalog.setval('c_data_id_seq', 2200, true);


--
-- TOC entry 2456 (class 0 OID 25926)
-- Dependencies: 193
-- Data for Name: c_data_ipad; Type: TABLE DATA; Schema: public; Owner: postgres
--

COPY c_data_ipad (id, hand_id, exercise_type_id, test_id, parameter_id, result) FROM stdin;
1801	2	5	5847520e6726b3000570c70d                                                                            	1	363.20476190476188
1802	2	5	5847520e6726b3000570c70d                                                                            	2	1946.3050521452499
1803	2	5	5847520e6726b3000570c70d                                                                            	3	116524.75608418653
1804	2	5	5847520e6726b3000570c70d                                                                            	4	993789.61030716263
1805	2	5	5847520e6726b3000570c70d                                                                            	5	318.84311332702634
1806	2	5	5847520e6726b3000570c70d                                                                            	6	8.3306010365486145
1807	2	5	5847520e6726b3000570c70d                                                                            	7	95357473.366678119
1808	2	5	5847520e6726b3000570c70d                                                                            	8	1
1809	2	5	5847520e6726b3000570c70d                                                                            	9	43.598866433680321
1810	2	5	5847520e6726b3000570c70d                                                                            	10	233.63320888928419
1811	2	5	5847520e6726b3000570c70d                                                                            	11	13987.556908914579
1812	2	5	5847520e6726b3000570c70d                                                                            	12	119293.86678669848
1813	2	5	5847520e6726b3000570c70d                                                                            	13	38.273722619553475
1814	2	5	5847520e6726b3000570c70d                                                                            	14	1
1815	2	5	5847520e6726b3000570c70d                                                                            	15	11446649.881361371
1816	2	5	5847520e6726b3000570c70d                                                                            	16	0.12003935797822124
1817	2	5	5847520e6726b3000570c70d                                                                            	17	233.04951216837307
1818	2	5	5847520e6726b3000570c70d                                                                            	18	0.63768622665405272
1819	2	5	5847520e6726b3000570c70d                                                                            	19	1987.5792206143253
1820	2	5	5847520e6726b3000570c70d                                                                            	20	0.25483009628972358
1821	1	5	584752296726b3000570c70e                                                                            	1	330.01471861471862
1822	1	5	584752296726b3000570c70e                                                                            	2	1892.147195500381
1823	1	5	584752296726b3000570c70e                                                                            	3	113524.96966467964
1824	1	5	584752296726b3000570c70e                                                                            	4	937378.39682773617
1825	1	5	584752296726b3000570c70e                                                                            	5	142.6818878173828
1826	1	5	584752296726b3000570c70e                                                                            	6	5.582863986492157
1827	1	5	584752296726b3000570c70e                                                                            	7	77660083.772270679
1828	1	5	584752296726b3000570c70e                                                                            	8	1
1829	1	5	584752296726b3000570c70e                                                                            	9	59.112082868791958
1830	1	5	584752296726b3000570c70e                                                                            	10	338.92052539314341
1831	1	5	584752296726b3000570c70e                                                                            	11	20334.539752241039
1832	1	5	584752296726b3000570c70e                                                                            	12	167902.78235252382
1833	1	5	584752296726b3000570c70e                                                                            	13	25.557113367369197
1834	1	5	584752296726b3000570c70e                                                                            	14	1
1835	1	5	584752296726b3000570c70e                                                                            	15	13910438.076258117
1836	1	5	584752296726b3000570c70e                                                                            	16	0.17911953477991199
1837	1	5	584752296726b3000570c70e                                                                            	17	338.88050646173025
1838	1	5	584752296726b3000570c70e                                                                            	18	0.4259160830369636
1839	1	5	584752296726b3000570c70e                                                                            	19	2798.144468142496
1840	1	5	584752296726b3000570c70e                                                                            	20	0.19359446790428389
1841	1	5	5847523a6726b3000570c70f                                                                            	1	262.96825396825398
1842	1	5	5847523a6726b3000570c70f                                                                            	2	1839.2392962466442
1843	1	5	5847523a6726b3000570c70f                                                                            	3	110185.62719297021
1844	1	5	5847523a6726b3000570c70f                                                                            	4	1039868.409294463
1845	1	5	5847523a6726b3000570c70f                                                                            	5	156.25525995890297
1846	1	5	5847523a6726b3000570c70f                                                                            	6	5.9545860290527344
1847	1	5	5847523a6726b3000570c70f                                                                            	7	88237512.064739689
1848	1	5	5847523a6726b3000570c70f                                                                            	8	1
1849	1	5	5847523a6726b3000570c70f                                                                            	9	44.162306612956506
1850	1	5	5847523a6726b3000570c70f                                                                            	10	308.87777710707348
1851	1	5	5847523a6726b3000570c70f                                                                            	11	18504.330385919158
1852	1	5	5847523a6726b3000570c70f                                                                            	12	174633.19938966219
1853	1	5	5847523a6726b3000570c70f                                                                            	13	26.24116255882868
1854	1	5	5847523a6726b3000570c70f                                                                            	14	1
1855	1	5	5847523a6726b3000570c70f                                                                            	15	14818412.503274668
1856	1	5	5847523a6726b3000570c70f                                                                            	16	0.1679377869630144
1857	1	5	5847523a6726b3000570c70f                                                                            	17	308.64321342568684
1858	1	5	5847523a6726b3000570c70f                                                                            	18	0.43768980380645089
1859	1	5	5847523a6726b3000570c70f                                                                            	19	2912.7966646903724
1860	1	5	5847523a6726b3000570c70f                                                                            	20	0.28909988646830753
1861	1	5	584752506726b3000570c710                                                                            	1	281.70079365079363
1862	1	5	584752506726b3000570c710                                                                            	2	1820.4405745322613
1863	1	5	584752506726b3000570c710                                                                            	3	108961.47243594841
1864	1	5	584752506726b3000570c710                                                                            	4	938914.30029617355
1865	1	5	584752506726b3000570c710                                                                            	5	157.97942657470705
1866	1	5	584752506726b3000570c710                                                                            	6	6.6412220001220703
1867	1	5	584752506726b3000570c710                                                                            	7	89184694.014117166
1868	1	5	584752506726b3000570c710                                                                            	8	1
1869	1	5	584752506726b3000570c710                                                                            	9	42.417012056759397
1870	1	5	584752506726b3000570c710                                                                            	10	274.11229055417817
1871	1	5	584752506726b3000570c710                                                                            	11	16406.840854581525
1872	1	5	584752506726b3000570c710                                                                            	12	141376.73763637411
1873	1	5	584752506726b3000570c710                                                                            	13	23.787704517602826
1874	1	5	584752506726b3000570c710                                                                            	14	1
1875	1	5	584752506726b3000570c710                                                                            	15	13428958.407425303
1876	1	5	584752506726b3000570c710                                                                            	16	0.15057469844881247
1877	1	5	584752506726b3000570c710                                                                            	17	274.46214719382471
1878	1	5	584752506726b3000570c710                                                                            	18	0.39793306441991699
1879	1	5	584752506726b3000570c710                                                                            	19	2365.0234264387245
1880	1	5	584752506726b3000570c710                                                                            	20	0.096117435834659523
1881	1	5	5847526a6726b3000570c711                                                                            	1	275.58412698412695
1882	1	5	5847526a6726b3000570c711                                                                            	2	1897.7217556422604
1883	1	5	5847526a6726b3000570c711                                                                            	3	113820.54928632578
1884	1	5	5847526a6726b3000570c711                                                                            	4	1161374.7024311286
1885	1	5	5847526a6726b3000570c711                                                                            	5	145.97131690979
1886	1	5	5847526a6726b3000570c711                                                                            	6	5.2609310150146484
1887	1	5	5847526a6726b3000570c711                                                                            	7	104210988.90876994
1888	1	5	5847526a6726b3000570c711                                                                            	8	1
1889	1	5	5847526a6726b3000570c711                                                                            	9	52.383147811216759
1890	1	5	5847526a6726b3000570c711                                                                            	10	360.71975667922277
1891	1	5	5847526a6726b3000570c711                                                                            	11	21635.058312204244
1892	1	5	5847526a6726b3000570c711                                                                            	12	220754.59630939391
1893	1	5	5847526a6726b3000570c711                                                                            	13	27.746289866411328
1894	1	5	5847526a6726b3000570c711                                                                            	14	1
1895	1	5	5847526a6726b3000570c711                                                                            	15	19808468.99747454
1896	1	5	5847526a6726b3000570c711                                                                            	16	0.19008042438610376
1897	1	5	5847526a6726b3000570c711                                                                            	17	360.19161166558791
1898	1	5	5847526a6726b3000570c711                                                                            	18	0.46193454718287974
1899	1	5	5847526a6726b3000570c711                                                                            	19	3675.2364000985081
1900	1	5	5847526a6726b3000570c711                                                                            	20	0.44300617111126661
1901	1	5	584c881e6726b3000570c71d                                                                            	1	323.42539682539689
1902	1	5	584c881e6726b3000570c71d                                                                            	2	1817.97037528767
1903	1	5	584c881e6726b3000570c71d                                                                            	3	108914.17102169708
1904	1	5	584c881e6726b3000570c71d                                                                            	4	1083441.7794407029
1905	1	5	584c881e6726b3000570c71d                                                                            	5	235.87489420572916
1906	1	5	584c881e6726b3000570c71d                                                                            	6	8.3682290315628052
1907	1	5	584c881e6726b3000570c71d                                                                            	7	103071459.94557938
1908	1	5	584c881e6726b3000570c71d                                                                            	8	1
1909	1	5	584c881e6726b3000570c71d                                                                            	9	38.649204700961171
1910	1	5	584c881e6726b3000570c71d                                                                            	10	217.24672788361241
1911	1	5	584c881e6726b3000570c71d                                                                            	11	13015.19958534845
1912	1	5	584c881e6726b3000570c71d                                                                            	12	129470.85642066434
1913	1	5	584c881e6726b3000570c71d                                                                            	13	28.186954888073664
1914	1	5	584c881e6726b3000570c71d                                                                            	14	1
1915	1	5	584c881e6726b3000570c71d                                                                            	15	12316997.964183386
1916	1	5	584c881e6726b3000570c71d                                                                            	16	0.11949959737338181
1917	1	5	584c881e6726b3000570c71d                                                                            	17	216.52916704114728
1918	1	5	584c881e6726b3000570c71d                                                                            	18	0.46893617138315935
1919	1	5	584c881e6726b3000570c71d                                                                            	19	2153.9598000809201
1920	1	5	584c881e6726b3000570c71d                                                                            	20	0.24846044918659024
1921	1	5	584c882f6726b3000570c71e                                                                            	1	343.62857142857143
1922	1	5	584c882f6726b3000570c71e                                                                            	2	1787.0912633143512
1923	1	5	584c882f6726b3000570c71e                                                                            	3	107077.14001606882
1924	1	5	584c882f6726b3000570c71e                                                                            	4	915586.45221898367
1925	1	5	584c882f6726b3000570c71e                                                                            	5	216.19660822550455
1926	1	5	584c882f6726b3000570c71e                                                                            	6	8.200967013835907
1927	1	5	584c882f6726b3000570c71e                                                                            	7	89821519.891576573
1928	1	5	584c882f6726b3000570c71e                                                                            	8	1
1929	1	5	584c882f6726b3000570c71e                                                                            	9	41.900982024294613
1930	1	5	584c882f6726b3000570c71e                                                                            	10	217.91226087110672
1931	1	5	584c882f6726b3000570c71e                                                                            	11	13056.648055701024
1932	1	5	584c882f6726b3000570c71e                                                                            	12	111643.71843884893
1933	1	5	584c882f6726b3000570c71e                                                                            	13	26.362331156893788
1934	1	5	584c882f6726b3000570c71e                                                                            	14	1
1935	1	5	584c882f6726b3000570c71e                                                                            	15	10952552.27097464
1936	1	5	584c882f6726b3000570c71e                                                                            	16	0.12193683968157575
1937	1	5	584c882f6726b3000570c71e                                                                            	17	217.63646344729435
1938	1	5	584c882f6726b3000570c71e                                                                            	18	0.43942400045834257
1939	1	5	584c882f6726b3000570c71e                                                                            	19	1860.9480736158205
1940	1	5	584c882f6726b3000570c71e                                                                            	20	0.24532772725791199
1941	1	5	584c88486726b3000570c71f                                                                            	1	339.70158730158732
1942	1	5	584c88486726b3000570c71f                                                                            	2	1948.2018603093652
1943	1	5	584c88486726b3000570c71f                                                                            	3	116768.18185867781
1944	1	5	584c88486726b3000570c71f                                                                            	4	974771.02290117706
1945	1	5	584c88486726b3000570c71f                                                                            	5	308.29485956827796
1946	1	5	584c88486726b3000570c71f                                                                            	6	7.2989949584007263
1947	1	5	584c88486726b3000570c71f                                                                            	7	84467057.180368453
1948	1	5	584c88486726b3000570c71f                                                                            	8	1
1949	1	5	584c88486726b3000570c71f                                                                            	9	46.540871618305502
1950	1	5	584c88486726b3000570c71f                                                                            	10	266.91371502690191
1951	1	5	584c88486726b3000570c71f                                                                            	11	15997.84388455897
1952	1	5	584c88486726b3000570c71f                                                                            	12	133548.66367995928
1953	1	5	584c88486726b3000570c71f                                                                            	13	42.237987740140603
1954	1	5	584c88486726b3000570c71f                                                                            	14	1
1955	1	5	584c88486726b3000570c71f                                                                            	15	11572423.006423878
1956	1	5	584c88486726b3000570c71f                                                                            	16	0.13700516382040476
1957	1	5	584c88486726b3000570c71f                                                                            	17	266.59402250839685
1958	1	5	584c88486726b3000570c71f                                                                            	18	0.70386954239332866
1959	1	5	584c88486726b3000570c71f                                                                            	19	2225.5046184958378
1960	1	5	584c88486726b3000570c71f                                                                            	20	0.54087251663186253
1961	1	5	584c885d6726b3000570c720                                                                            	1	325.39047619047619
1962	1	5	584c885d6726b3000570c720                                                                            	2	1832.1600913228426
1963	1	5	584c885d6726b3000570c720                                                                            	3	109794.54427649901
1964	1	5	584c885d6726b3000570c720                                                                            	4	1117046.2602648381
1965	1	5	584c885d6726b3000570c720                                                                            	5	410.91020545959475
1966	1	5	584c885d6726b3000570c720                                                                            	6	8.1619319915771484
1967	1	5	584c885d6726b3000570c720                                                                            	7	105180681.5146164
1968	1	5	584c885d6726b3000570c720                                                                            	8	1
1969	1	5	584c885d6726b3000570c720                                                                            	9	39.866844826233383
1970	1	5	584c885d6726b3000570c720                                                                            	10	224.47627512867945
1971	1	5	584c885d6726b3000570c720                                                                            	11	13452.02880761607
1972	1	5	584c885d6726b3000570c720                                                                            	12	136860.52045246077
1973	1	5	584c885d6726b3000570c720                                                                            	13	50.344723024357577
1974	1	5	584c885d6726b3000570c720                                                                            	14	1
1975	1	5	584c885d6726b3000570c720                                                                            	15	12886738.289801911
1976	1	5	584c885d6726b3000570c720                                                                            	16	0.12252001131986494
1977	1	5	584c885d6726b3000570c720                                                                            	17	223.6141431293259
1978	1	5	584c885d6726b3000570c720                                                                            	18	0.83688432883827846
1979	1	5	584c885d6726b3000570c720                                                                            	19	2275.0432999283871
1980	1	5	584c885d6726b3000570c720                                                                            	20	0.18638545953360769
1981	1	5	584c886c6726b3000570c721                                                                            	1	305.0214285714286
1982	1	5	584c886c6726b3000570c721                                                                            	2	1863.1484762488628
1983	1	5	584c886c6726b3000570c721                                                                            	3	111617.7641741305
1984	1	5	584c886c6726b3000570c721                                                                            	4	1107638.1472508959
1985	1	5	584c886c6726b3000570c721                                                                            	5	358.6011072794596
1986	1	5	584c886c6726b3000570c721                                                                            	6	7.7305439710617065
1987	1	5	584c886c6726b3000570c721                                                                            	7	103548951.53024633
1988	1	5	584c886c6726b3000570c721                                                                            	8	1
1989	1	5	584c886c6726b3000570c721                                                                            	9	39.456657864341366
1990	1	5	584c886c6726b3000570c721                                                                            	10	241.01130311441455
1991	1	5	584c886c6726b3000570c721                                                                            	11	14438.53946008938
1992	1	5	584c886c6726b3000570c721                                                                            	12	143280.75118609975
1993	1	5	584c886c6726b3000570c721                                                                            	13	46.387564526097592
1994	1	5	584c886c6726b3000570c721                                                                            	14	1
1995	1	5	584c886c6726b3000570c721                                                                            	15	13394782.038349237
1996	1	5	584c886c6726b3000570c721                                                                            	16	0.12935700304446504
1997	1	5	584c886c6726b3000570c721                                                                            	17	240.55552623735022
1998	1	5	584c886c6726b3000570c721                                                                            	18	0.77284721396435263
1999	1	5	584c886c6726b3000570c721                                                                            	19	2387.1511794200342
2000	1	5	584c886c6726b3000570c721                                                                            	20	0.35941391941391942
2001	1	5	584c887b6726b3000570c722                                                                            	1	313.6940836940837
2002	1	5	584c887b6726b3000570c722                                                                            	2	1788.814434622311
2003	1	5	584c887b6726b3000570c722                                                                            	3	107359.25509465107
2004	1	5	584c887b6726b3000570c722                                                                            	4	1101091.7883209873
2005	1	5	584c887b6726b3000570c722                                                                            	5	409.60639712015791
2006	1	5	584c887b6726b3000570c722                                                                            	6	8.8930059671401978
2007	1	5	584c887b6726b3000570c722                                                                            	7	102804761.68717282
2008	1	5	584c887b6726b3000570c722                                                                            	8	1
2009	1	5	584c887b6726b3000570c722                                                                            	9	35.274246396908815
2010	1	5	584c887b6726b3000570c722                                                                            	10	201.14845770170507
2011	1	5	584c887b6726b3000570c722                                                                            	11	12072.324643809447
2012	1	5	584c887b6726b3000570c722                                                                            	12	123815.47840961081
2013	1	5	584c887b6726b3000570c722                                                                            	13	46.059386290041886
2014	1	5	584c887b6726b3000570c722                                                                            	14	1
2015	1	5	584c887b6726b3000570c722                                                                            	15	11560181.345547061
2016	1	5	584c887b6726b3000570c722                                                                            	16	0.11244791735157002
2017	1	5	584c887b6726b3000570c722                                                                            	17	201.04729418473983
2018	1	5	584c887b6726b3000570c722                                                                            	18	0.76705317812763651
2019	1	5	584c887b6726b3000570c722                                                                            	19	2061.969641050538
2020	1	5	584c887b6726b3000570c722                                                                            	20	0.040081289081289058
2021	1	5	584c888b6726b3000570c723                                                                            	1	421.43809523809523
2022	1	5	584c888b6726b3000570c723                                                                            	2	1862.1073146808317
2023	1	5	584c888b6726b3000570c723                                                                            	3	111678.76417706677
2024	1	5	584c888b6726b3000570c723                                                                            	4	1095829.0858938503
2025	1	5	584c888b6726b3000570c723                                                                            	5	490.80077374776209
2026	1	5	584c888b6726b3000570c723                                                                            	6	10.297037959098816
2027	1	5	584c888b6726b3000570c723                                                                            	7	110604841.00960192
2028	1	5	584c888b6726b3000570c723                                                                            	8	1
2029	1	5	584c888b6726b3000570c723                                                                            	9	40.928089894599069
2030	1	5	584c888b6726b3000570c723                                                                            	10	180.83912306406617
2031	1	5	584c888b6726b3000570c723                                                                            	11	10845.717440361923
2032	1	5	584c888b6726b3000570c723                                                                            	12	106421.77782063415
2033	1	5	584c888b6726b3000570c723                                                                            	13	47.664267694970832
2034	1	5	584c888b6726b3000570c723                                                                            	14	1
2035	1	5	584c888b6726b3000570c723                                                                            	15	10741423.062529132
2036	1	5	584c888b6726b3000570c723                                                                            	16	0.097115306748613628
2037	1	5	584c888b6726b3000570c723                                                                            	17	180.70997439654818
2038	1	5	584c888b6726b3000570c723                                                                            	18	0.79417600930058596
2039	1	5	584c888b6726b3000570c723                                                                            	19	1773.1862231292075
2040	1	5	584c888b6726b3000570c723                                                                            	20	-0.025973135964912266
2041	1	5	584c88a46726b3000570c724                                                                            	1	306.82698412698414
2042	1	5	584c88a46726b3000570c724                                                                            	2	1906.9742447727567
2043	1	5	584c88a46726b3000570c724                                                                            	3	114439.66012901251
2044	1	5	584c88a46726b3000570c724                                                                            	4	971978.3720330185
2045	1	5	584c88a46726b3000570c724                                                                            	5	248.51889775594074
2046	1	5	584c88a46726b3000570c724                                                                            	6	7.0266299843788147
2047	1	5	584c88a46726b3000570c724                                                                            	7	84549003.652595222
2048	1	5	584c88a46726b3000570c724                                                                            	8	1
2049	1	5	584c88a46726b3000570c724                                                                            	9	43.666307292272911
2050	1	5	584c88a46726b3000570c724                                                                            	10	271.39243833989099
2051	1	5	584c88a46726b3000570c724                                                                            	11	16286.56416851719
2052	1	5	584c88a46726b3000570c724                                                                            	12	138327.81492605459
2053	1	5	584c88a46726b3000570c724                                                                            	13	35.368149213553743
2054	1	5	584c88a46726b3000570c724                                                                            	14	1
2055	1	5	584c88a46726b3000570c724                                                                            	15	12032653.468385205
2056	1	5	584c88a46726b3000570c724                                                                            	16	0.14231573346300294
2057	1	5	584c88a46726b3000570c724                                                                            	17	271.1840287417358
2058	1	5	584c88a46726b3000570c724                                                                            	18	0.58890734065388806
2059	1	5	584c88a46726b3000570c724                                                                            	19	2303.2662844384326
2060	1	5	584c88a46726b3000570c724                                                                            	20	0.52968803273099208
2061	1	5	584c88b06726b3000570c725                                                                            	1	326.0333333333333
2062	1	5	584c88b06726b3000570c725                                                                            	2	1853.2231541789067
2063	1	5	584c88b06726b3000570c725                                                                            	3	111118.17415718644
2064	1	5	584c88b06726b3000570c725                                                                            	4	917103.60926860943
2065	1	5	584c88b06726b3000570c725                                                                            	5	228.58879178365075
2066	1	5	584c88b06726b3000570c725                                                                            	6	7.1362919807434082
2067	1	5	584c88b06726b3000570c725                                                                            	7	84464662.902285278
2068	1	5	584c88b06726b3000570c725                                                                            	8	1
2069	1	5	584c88b06726b3000570c725                                                                            	9	45.686658311221379
2070	1	5	584c88b06726b3000570c725                                                                            	10	259.68992849222673
2071	1	5	584c88b06726b3000570c725                                                                            	11	15570.85590906707
2072	1	5	584c88b06726b3000570c725                                                                            	12	128512.62416718999
2073	1	5	584c88b06726b3000570c725                                                                            	13	32.031872070323836
2074	1	5	584c88b06726b3000570c725                                                                            	14	1
2075	1	5	584c88b06726b3000570c725                                                                            	15	11835931.479570199
2076	1	5	584c88b06726b3000570c725                                                                            	16	0.14012879555634816
2077	1	5	584c88b06726b3000570c725                                                                            	17	259.01672297712457
2078	1	5	584c88b06726b3000570c725                                                                            	18	0.53284100648869637
2079	1	5	584c88b06726b3000570c725                                                                            	19	2137.7706509757795
2080	1	5	584c88b06726b3000570c725                                                                            	20	0.085065610943831096
2081	1	5	584c88bd6726b3000570c726                                                                            	1	338.1952380952381
2082	1	5	584c88bd6726b3000570c726                                                                            	2	1905.745011600445
2083	1	5	584c88bd6726b3000570c726                                                                            	3	114270.34800629976
2084	1	5	584c88bd6726b3000570c726                                                                            	4	1160822.7434075337
2085	1	5	584c88bd6726b3000570c726                                                                            	5	252.01656392415367
2086	1	5	584c88bd6726b3000570c726                                                                            	6	7.6382399797439575
2087	1	5	584c88bd6726b3000570c726                                                                            	7	101240644.00404277
2088	1	5	584c88bd6726b3000570c726                                                                            	8	1
2089	1	5	584c88bd6726b3000570c726                                                                            	9	44.276592381504983
2090	1	5	584c88bd6726b3000570c726                                                                            	10	249.50054157166292
2091	1	5	584c88bd6726b3000570c726                                                                            	11	14960.298224373179
2092	1	5	584c88bd6726b3000570c726                                                                            	12	151975.16004811961
2093	1	5	584c88bd6726b3000570c726                                                                            	13	32.994062060433137
2094	1	5	584c88bd6726b3000570c726                                                                            	14	1
2095	1	5	584c88bd6726b3000570c726                                                                            	15	13254446.609758977
2096	1	5	584c88bd6726b3000570c726                                                                            	16	0.13092021233319789
2097	1	5	584c88bd6726b3000570c726                                                                            	17	248.95500654967267
2098	1	5	584c88bd6726b3000570c726                                                                            	18	0.54905569482386418
2099	1	5	584c88bd6726b3000570c726                                                                            	19	2529.0255847658686
2100	1	5	584c88bd6726b3000570c726                                                                            	20	0.42860830172777076
2101	1	5	584c88c96726b3000570c727                                                                            	1	347.73412698412699
2102	1	5	584c88c96726b3000570c727                                                                            	2	1928.3263477252353
2103	1	5	584c88c96726b3000570c727                                                                            	3	115564.56270864824
2104	1	5	584c88c96726b3000570c727                                                                            	4	1143305.896559393
2105	1	5	584c88c96726b3000570c727                                                                            	5	280.46661046346031
2106	1	5	584c88c96726b3000570c727                                                                            	6	7.4578070044517517
2107	1	5	584c88c96726b3000570c727                                                                            	7	100789509.43540975
2108	1	5	584c88c96726b3000570c727                                                                            	8	1
2109	1	5	584c88c96726b3000570c727                                                                            	9	46.626860520332023
2110	1	5	584c88c96726b3000570c727                                                                            	10	258.5647961356695
2111	1	5	584c88c96726b3000570c727                                                                            	11	15495.783497704468
2112	1	5	584c88c96726b3000570c727                                                                            	12	153303.22920356147
2113	1	5	584c88c96726b3000570c727                                                                            	13	37.607115643518632
2114	1	5	584c88c96726b3000570c727                                                                            	14	1
2115	1	5	584c88c96726b3000570c727                                                                            	15	13514630.959911671
2116	1	5	584c88c96726b3000570c727                                                                            	16	0.13408767475520283
2117	1	5	584c88c96726b3000570c727                                                                            	17	258.53369733478354
2118	1	5	584c88c96726b3000570c727                                                                            	18	0.62744208157373671
2119	1	5	584c88c96726b3000570c727                                                                            	19	2557.7313122134074
2120	1	5	584c88c96726b3000570c727                                                                            	20	0.090567695875915066
2121	1	5	584c88d76726b3000570c728                                                                            	1	264.07936507936512
2122	1	5	584c88d76726b3000570c728                                                                            	2	1935.0050159883206
2123	1	5	584c88d76726b3000570c728                                                                            	3	115977.5389045942
2124	1	5	584c88d76726b3000570c728                                                                            	4	1118990.3800925785
2125	1	5	584c88d76726b3000570c728                                                                            	5	298.49296455383302
2126	1	5	584c88d76726b3000570c728                                                                            	6	6.8579130172729492
2127	1	5	584c88d76726b3000570c728                                                                            	7	98144499.197887212
2128	1	5	584c88d76726b3000570c728                                                                            	8	1
2129	1	5	584c88d76726b3000570c728                                                                            	9	38.507249131657311
2130	1	5	584c88d76726b3000570c728                                                                            	10	282.15654108103223
2131	1	5	584c88d76726b3000570c728                                                                            	11	16911.491675744917
2132	1	5	584c88d76726b3000570c728                                                                            	12	163167.77090554952
2133	1	5	584c88d76726b3000570c728                                                                            	13	43.525335448557328
2134	1	5	584c88d76726b3000570c728                                                                            	14	1
2135	1	5	584c88d76726b3000570c728                                                                            	15	14311132.111283965
2136	1	5	584c88d76726b3000570c728                                                                            	16	0.1458169558991651
2137	1	5	584c88d76726b3000570c728                                                                            	17	281.49888083639371
2138	1	5	584c88d76726b3000570c728                                                                            	18	0.72449748678114811
2139	1	5	584c88d76726b3000570c728                                                                            	19	2715.9960681858702
2140	1	5	584c88d76726b3000570c728                                                                            	20	0.55033101045296173
2141	1	5	584c88e26726b3000570c729                                                                            	1	263.39285714285717
2142	1	5	584c88e26726b3000570c729                                                                            	2	1860.284427025448
2143	1	5	584c88e26726b3000570c729                                                                            	3	111599.70946076888
2144	1	5	584c88e26726b3000570c729                                                                            	4	1005657.2403520192
2145	1	5	584c88e26726b3000570c729                                                                            	5	123.60180702209473
2146	1	5	584c88e26726b3000570c729                                                                            	6	6.7923060059547424
2147	1	5	584c88e26726b3000570c729                                                                            	7	79650978.189597547
2148	1	5	584c88e26726b3000570c729                                                                            	8	1
2149	1	5	584c88e26726b3000570c729                                                                            	9	38.778119965729381
2150	1	5	584c88e26726b3000570c729                                                                            	10	273.88112746901515
2151	1	5	584c88e26726b3000570c729                                                                            	11	16430.312380350737
2152	1	5	584c88e26726b3000570c729                                                                            	12	148058.29411548452
2153	1	5	584c88e26726b3000570c729                                                                            	13	18.197326050053448
2154	1	5	584c88e26726b3000570c729                                                                            	14	1
2155	1	5	584c88e26726b3000570c729                                                                            	15	11726647.491995852
2156	1	5	584c88e26726b3000570c729                                                                            	16	0.14722540461565051
2157	1	5	584c88e26726b3000570c729                                                                            	17	273.52869965874726
2158	1	5	584c88e26726b3000570c729                                                                            	18	0.30294560544631061
2159	1	5	584c88e26726b3000570c729                                                                            	19	2464.8461773333802
2160	1	5	584c88e26726b3000570c729                                                                            	20	0.35640113658632172
2161	1	5	584c88ed6726b3000570c72a                                                                            	1	282.79999999999995
2162	1	5	584c88ed6726b3000570c72a                                                                            	2	1883.8904847028225
2163	1	5	584c88ed6726b3000570c72a                                                                            	3	112983.0748944635
2164	1	5	584c88ed6726b3000570c72a                                                                            	4	1070756.660692818
2165	1	5	584c88ed6726b3000570c72a                                                                            	5	168.76520538330078
2166	1	5	584c88ed6726b3000570c72a                                                                            	6	6.7597410082817078
2167	1	5	584c88ed6726b3000570c72a                                                                            	7	95832134.634386122
2168	1	5	584c88ed6726b3000570c72a                                                                            	8	1
2169	1	5	584c88ed6726b3000570c72a                                                                            	9	41.835922360564858
2170	1	5	584c88ed6726b3000570c72a                                                                            	10	278.69270174623125
2171	1	5	584c88ed6726b3000570c72a                                                                            	11	16714.112975044769
2172	1	5	584c88ed6726b3000570c72a                                                                            	12	158402.02448303546
2173	1	5	584c88ed6726b3000570c72a                                                                            	13	24.966223584089658
2174	1	5	584c88ed6726b3000570c72a                                                                            	14	1
2175	1	5	584c88ed6726b3000570c72a                                                                            	15	14176894.427904446
2176	1	5	584c88ed6726b3000570c72a                                                                            	16	0.14793466181246417
2177	1	5	584c88ed6726b3000570c72a                                                                            	17	278.28343570064902
2178	1	5	584c88ed6726b3000570c72a                                                                            	18	0.41567784577167682
2179	1	5	584c88ed6726b3000570c72a                                                                            	19	2637.3316765832956
2180	1	5	584c88ed6726b3000570c72a                                                                            	20	0.15914636772845728
2181	1	5	584c88f86726b3000570c72b                                                                            	1	279.28015873015875
2182	1	5	584c88f86726b3000570c72b                                                                            	2	1885.0558380043153
2183	1	5	584c88f86726b3000570c72b                                                                            	3	112674.77453507732
2184	1	5	584c88f86726b3000570c72b                                                                            	4	1176388.7563491932
2185	1	5	584c88f86726b3000570c72b                                                                            	5	192.85018628438314
2186	1	5	584c88f86726b3000570c72b                                                                            	6	6.6917459964752197
2187	1	5	584c88f86726b3000570c72b                                                                            	7	102365068.03170216
2188	1	5	584c88f86726b3000570c72b                                                                            	8	1
2189	1	5	584c88f86726b3000570c72b                                                                            	9	41.735020856629276
2190	1	5	584c88f86726b3000570c72b                                                                            	10	281.69865368429123
2191	1	5	584c88f86726b3000570c72b                                                                            	11	16837.873791746897
2192	1	5	584c88f86726b3000570c72b                                                                            	12	175796.9828754467
2193	1	5	584c88f86726b3000570c72b                                                                            	13	28.819113335438043
2194	1	5	584c88f86726b3000570c72b                                                                            	14	1
2195	1	5	584c88f86726b3000570c72b                                                                            	15	15297213.624907682
2196	1	5	584c88f86726b3000570c72b                                                                            	16	0.14943782990668436
2197	1	5	584c88f86726b3000570c72b                                                                            	17	281.68693633769328
2198	1	5	584c88f86726b3000570c72b                                                                            	18	0.48212546571095788
2199	1	5	584c88f86726b3000570c72b                                                                            	19	2940.9718908729828
2200	1	5	584c88f86726b3000570c72b                                                                            	20	0.18130253009999844
\.


--
-- TOC entry 2450 (class 0 OID 25857)
-- Dependencies: 187
-- Data for Name: distance_ratio_android; Type: TABLE DATA; Schema: public; Owner: postgres
--

COPY distance_ratio_android (id, exercise_type_id, parameter_id, result, hand_id) FROM stdin;
116	3	1	1.6916561706264224	1
117	3	2	2.1329663377313439	1
118	3	3	1.9641690816613677	1
119	3	4	2.1606631635731701	1
120	3	5	1.1593585218897873	1
121	3	6	1.533133882805696	1
122	3	7	2.4519290498567421	1
123	3	8	1.3682298682040381	1
124	3	9	1.5394334464972022	1
125	3	10	1.3061878608965909	1
126	3	11	1.2968670731293013	1
127	3	12	1.5844991697324105	1
128	3	13	1.6137197104888583	1
129	3	15	2.0548996096096777	1
130	3	16	1.4978443930815817	1
131	3	17	1.326006221053019	1
132	3	18	1.4406817541088335	1
133	3	19	2.4989869165092595	1
134	3	20	0.97503284661317902	1
135	5	1	1.7355556555878824	1
136	5	2	2.0911367252542363	1
137	5	3	1.947742526069564	1
138	5	4	1.5235908585137552	1
139	5	5	1.0403432847710212	1
140	5	6	1.5959154428598155	1
141	5	7	1.4961873788666935	1
142	5	8	1.5736795608987042	1
143	5	9	1.337670055801073	1
144	5	10	1.2237530582266132	1
145	5	11	1.2219049894299889	1
146	5	12	1.3811624109695191	1
147	5	13	1.4424668873469177	1
148	5	15	1.3483278312771105	1
149	5	16	1.208427939191334	1
150	5	17	1.20384363298555	1
151	5	18	1.0386595289840586	1
152	5	19	1.6363099796440714	1
153	5	20	0.92483923535645318	1
154	3	1	0.54402624844782776	2
155	3	2	0.65559009040753713	2
156	3	3	0.63778189162885501	2
157	3	4	0.55629952788148129	2
158	3	5	0.44370168568530205	2
159	3	6	0.5945399114989437	2
160	3	7	0.53312120785271866	2
161	3	8	0.64961757713849944	2
162	3	9	0.55510308379318596	2
163	3	10	0.45845091727291271	2
164	3	11	0.4748406794524615	2
165	3	12	0.4765860575005415	2
166	3	13	0.5973848953882428	2
167	3	15	0.48770392733451218	2
168	3	16	0.5830167453351871	2
169	3	17	0.46208954426899684	2
170	3	18	0.54795929810362953	2
171	3	19	0.42099892853969595	2
172	3	20	0.31699400564517699	2
173	5	1	1.0736431251062397	2
174	5	2	1.2142198140491796	2
175	5	3	0.53237362162053825	2
176	5	4	1.1471359692637508	2
177	5	5	0.84907986139729108	2
178	5	6	1.2816967639662682	2
179	5	7	1.0894016287816797	2
180	5	8	1.2290917377045432	2
181	5	9	0.815261467693847	2
182	5	10	0.6636425632612869	2
183	5	11	0.71773178371261959	2
184	5	12	0.77063552796233359	2
185	5	13	1.0671571298091802	2
186	5	15	0.78627840781770697	2
187	5	16	0.73753781082903758	2
188	5	17	0.63019108204174989	2
189	5	18	0.92956790379620124	2
190	5	19	0.96166983929622851	2
191	5	20	0.85581306101413657	2
\.


--
-- TOC entry 2473 (class 0 OID 0)
-- Dependencies: 186
-- Name: distance_ratio_id_seq; Type: SEQUENCE SET; Schema: public; Owner: postgres
--

SELECT pg_catalog.setval('distance_ratio_id_seq', 191, true);


--
-- TOC entry 2451 (class 0 OID 25873)
-- Dependencies: 188
-- Data for Name: parameters; Type: TABLE DATA; Schema: public; Owner: postgres
--

COPY parameters (id, parameter_name) FROM stdin;
1	angleMass
2	trajLength
3	velocityMass
4	accMass
5	pressMass
6	timeLength
7	jerkMass
8	dtw
9	angleMass/timeLength
10	trajLength/timeLength
11	velocityMass/timeLength
12	accMass/timeLength
13	pressMass/timeLength
14	timeLength/timeLength
15	jerkMass/timeLength
16	dtw/timeLength
17	mean_velo
18	mean_pressDiff
19	mean_acc
20	mean_slope
\.


--
-- TOC entry 2446 (class 0 OID 25835)
-- Dependencies: 183
-- Data for Name: pd_data_android; Type: TABLE DATA; Schema: public; Owner: postgres
--

COPY pd_data_android (id, hand_id, exercise_type_id, test_id, parameter_id, result) FROM stdin;
1	1	3	1	1	4605.08781116702
2	1	3	1	2	549.930337332192
3	1	3	1	3	32761.7527217843
4	1	3	1	4	814325.946277939
5	1	3	1	5	1106.002931932
6	1	3	1	6	47.897
7	1	3	1	7	89814286.3626823
8	1	3	1	8	99636.9134904805
9	1	3	1	9	96.1456419226051
10	1	3	1	10	11.4815194549177
11	1	3	1	11	684.004274208913
12	1	3	1	12	17001.606494727
13	1	3	1	13	23.0912777821575
14	1	3	1	14	1
15	1	3	1	15	1875154.73542565
16	1	3	1	16	2080.2328640725
17	1	3	1	17	12.348945616956
18	1	3	1	18	0.416887648673953
19	1	3	1	19	16.1867354869339
20	1	3	1	20	1.13070694016745
21	1	3	2	1	4323.56409784737
22	1	3	2	2	510.431420421811
23	1	3	2	3	30429.5160408212
24	1	3	2	4	729600.800390091
25	1	3	2	5	1807.59138605
26	1	3	2	6	48.247
27	1	3	2	7	82134039.1232539
28	1	3	2	8	87859.0302468476
29	1	3	2	9	89.6131178694504
30	1	3	2	10	10.5795473381104
31	1	3	2	11	630.702759566838
32	1	3	2	12	15122.2003521481
33	1	3	2	13	37.4653633604163
34	1	3	2	14	1
35	1	3	2	15	1702365.72477572
36	1	3	2	16	1821.02576837622
37	1	3	2	17	11.3373755740765
38	1	3	2	18	0.673469219839793
39	1	3	2	19	19.4115651947932
40	1	3	2	20	-0.0155836791831648
41	1	3	3	1	3217.06497113421
42	1	3	3	2	591.942076941156
43	1	3	3	3	35317.6139350212
44	1	3	3	4	703952.827365746
45	1	3	3	5	699.216030860001
46	1	3	3	6	21.549
47	1	3	3	7	66609325.0408312
48	1	3	3	8	17649.9669898079
49	1	3	3	9	149.290685003212
50	1	3	3	10	27.4695845255537
51	1	3	3	11	1638.94444916336
52	1	3	3	12	32667.540366873
53	1	3	3	13	32.4477252243724
54	1	3	3	14	1
55	1	3	3	15	3091063.39230735
56	1	3	3	16	819.061997763602
57	1	3	3	17	32.6410479990954
58	1	3	3	18	0.646225536839187
59	1	3	3	19	9.04157310838419
60	1	3	3	20	0.115368753631091
61	1	3	4	1	8852.59166513394
62	1	3	4	2	839.0898704539
63	1	3	4	3	50277.077681719
64	1	3	4	4	1020727.79032533
65	1	3	4	5	947.30595726
66	1	3	4	6	19.888
67	1	3	4	7	93506648.5750456
68	1	3	4	8	46693.5949858134
69	1	3	4	9	445.122267957258
70	1	3	4	10	42.1907617887118
71	1	3	4	11	2528.01074425377
72	1	3	4	12	51323.8028120136
73	1	3	4	13	47.6320372717217
74	1	3	4	14	1
75	1	3	4	15	4701661.73446528
76	1	3	4	16	2347.82758375972
77	1	3	4	17	42.7890022823141
78	1	3	4	18	0.806217835965958
79	1	3	4	19	22.0263345976063
80	1	3	4	20	-1.06264632468712
81	1	3	5	1	3206.98089475683
82	1	3	5	2	653.208609162406
83	1	3	5	3	39021.0820693228
84	1	3	5	4	713723.875160264
85	1	3	5	5	1024.95796384
86	1	3	5	6	23.882
87	1	3	5	7	74632580.8143959
88	1	3	5	8	32646.2346320289
89	1	3	5	9	134.284435757341
90	1	3	5	10	27.3515036078388
91	1	3	5	11	1633.91181933351
92	1	3	5	12	29885.4315032352
93	1	3	5	13	42.9175933271921
94	1	3	5	14	1
95	1	3	5	15	3125055.72457901
96	1	3	5	16	1366.98076509626
97	1	3	5	17	28.09293165538
98	1	3	5	18	0.737910701108712
99	1	3	5	19	9.34996665788894
100	1	3	5	20	-0.407258760086051
101	1	3	6	1	2614.12448834766
102	1	3	6	2	517.185727684051
103	1	3	6	3	29768.5754220371
104	1	3	6	4	601710.8405155
105	1	3	6	5	951.92082386
106	1	3	6	6	28.948
107	1	3	6	7	67280105.0147469
108	1	3	6	8	30021.3512037152
109	1	3	6	9	90.3041484160447
110	1	3	6	10	17.8660262430583
111	1	3	6	11	1028.3465324733
112	1	3	6	12	20785.9209795323
113	1	3	6	13	32.8838200863618
114	1	3	6	14	1
115	1	3	6	15	2324171.1004127
116	1	3	6	16	1037.0785962317
117	1	3	6	17	18.9367528130007
118	1	3	6	18	0.605547597875318
119	1	3	6	19	13.3520044531348
120	1	3	6	20	-0.310066695187394
121	1	3	7	1	4041.73071345663
122	1	3	7	2	559.977759255392
123	1	3	7	3	33159.8688274756
124	1	3	7	4	728929.54023842
125	1	3	7	5	1225.970673505
126	1	3	7	6	45.464
127	1	3	7	7	77698045.6445395
128	1	3	7	8	119136.940172778
129	1	3	7	9	88.8995845824528
130	1	3	7	10	12.3169487782727
131	1	3	7	11	729.365406199974
132	1	3	7	12	16033.1149973258
133	1	3	7	13	26.9657459419542
134	1	3	7	14	1
135	1	3	7	15	1709001.53186124
136	1	3	7	16	2620.46762653479
137	1	3	7	17	15.423194803477
138	1	3	7	18	0.570218917909304
139	1	3	7	19	19.6657422495373
140	1	3	7	20	0.211698522803118
141	1	3	8	1	3028.44348987348
142	1	3	8	2	529.840896064891
143	1	3	8	3	19415.1731534664
144	1	3	8	4	537495.455346679
145	1	3	8	5	414.943302708
146	1	3	8	6	90.711
147	1	3	8	7	57137503.8061585
148	1	3	8	8	75782.1986306767
149	1	3	8	9	33.3856256669366
150	1	3	8	10	5.8409773463515
151	1	3	8	11	214.03328321225
152	1	3	8	12	5925.3613712414
153	1	3	8	13	4.57434382498264
154	1	3	8	14	1
155	1	3	8	15	629885.061416571
156	1	3	8	16	835.424575086557
157	1	3	8	17	10.0962938915582
158	1	3	8	18	0.215779148574103
159	1	3	8	19	7.24400579498462
160	1	3	8	20	1.18362312438133
161	1	3	9	1	4596.10822729962
162	1	3	9	2	796.512611045544
163	1	3	9	3	45593.6773318332
164	1	3	9	4	715114.46288702
165	1	3	9	5	853.221896099999
166	1	3	9	6	20.316
167	1	3	9	7	73729768.9805543
168	1	3	9	8	61947.2281331144
169	1	3	9	9	226.230962162808
170	1	3	9	10	39.2061730185836
171	1	3	9	11	2244.22510985593
172	1	3	9	12	35199.5699393099
173	1	3	9	13	41.9975337714116
174	1	3	9	14	1
175	1	3	9	15	3629147.91201783
176	1	3	9	16	3049.18429479792
177	1	3	9	17	40.8545495804957
178	1	3	9	18	0.764535749193547
179	1	3	9	19	8.21506538490258
180	1	3	9	20	0.883376301535161
181	1	3	10	1	3961.11721393075
182	1	3	10	2	581.807736206936
183	1	3	10	3	33456.994302714
184	1	3	10	4	688604.774718429
185	1	3	10	5	549.17790989
186	1	3	10	6	14.6
187	1	3	10	7	57649654.7865823
188	1	3	10	8	80155.3516532478
189	1	3	10	9	271.309398214435
190	1	3	10	10	39.8498449456806
191	1	3	10	11	2291.57495224068
192	1	3	10	12	47164.7105971527
193	1	3	10	13	37.6149253349315
194	1	3	10	14	1
195	1	3	10	15	3948606.49223166
196	1	3	10	16	5490.09257898958
197	1	3	10	17	39.8772280127699
198	1	3	10	18	0.654562467091776
199	1	3	10	19	4.50782826982763
200	1	3	10	20	1.51745442442358
201	1	3	11	1	3573.33329066391
202	1	3	11	2	721.375933511685
203	1	3	11	3	31651.4956461009
204	1	3	11	4	781174.616156908
205	1	3	11	5	1495.112410702
206	1	3	11	6	69.113
207	1	3	11	7	106104311.891726
208	1	3	11	8	171599.594238502
209	1	3	11	9	51.7027663487898
210	1	3	11	10	10.4376301638141
211	1	3	11	11	457.967323746631
212	1	3	11	12	11302.8607665259
213	1	3	11	13	21.6328680668182
214	1	3	11	14	1
215	1	3	11	15	1535229.43428481
216	1	3	11	16	2482.88446802341
217	1	3	11	17	12.9613004283788
218	1	3	11	18	0.611748122218496
219	1	3	11	19	-2.83869129392812
220	1	3	11	20	1.5554900081589
221	1	3	12	1	4570.20929117916
222	1	3	12	2	2109.50926466096
223	1	3	12	3	63609.9887180793
224	1	3	12	4	4394613.03563431
225	1	3	12	5	1329.200942843
226	1	3	12	6	93.568
227	1	3	12	7	1965714414.09341
228	1	3	12	8	34254.4632312868
229	1	3	12	9	48.8437210497089
230	1	3	12	10	22.5451999044648
231	1	3	12	11	679.826315813946
232	1	3	12	12	46967.051081933
233	1	3	12	13	14.2057214308631
234	1	3	12	14	1
235	1	3	12	15	21008404.7333854
236	1	3	12	16	366.091647051202
237	1	3	12	17	30.362763111255
238	1	3	12	18	0.627870072197922
239	1	3	12	19	-1005.78416103385
240	1	3	12	20	1.6020546912974
241	1	3	13	1	4627.73705108552
242	1	3	13	2	626.376187863534
243	1	3	13	3	37181.1922379338
244	1	3	13	4	703977.043090635
245	1	3	13	5	1284.922776034
246	1	3	13	6	34.098
247	1	3	13	7	71291369.8413889
248	1	3	13	8	112560.01019088
249	1	3	13	9	135.718724003916
250	1	3	13	10	18.369880575504
251	1	3	13	11	1090.42149797448
252	1	3	13	12	20645.6989586086
253	1	3	13	13	37.6832299851604
254	1	3	13	14	1
255	1	3	13	15	2090778.63339166
256	1	3	13	16	3301.07367560796
257	1	3	13	17	19.9042784999645
258	1	3	13	18	0.687860158476446
259	1	3	13	19	8.56175889520804
260	1	3	13	20	0.867717105503863
261	1	3	14	1	537.187794425985
262	1	3	14	2	273.002102535506
263	1	3	14	3	7452.04152529994
264	1	3	14	4	232347.208181279
265	1	3	14	5	234.837284513
266	1	3	14	6	73.379
267	1	3	14	7	30009724.5703762
268	1	3	14	8	89126.1784223884
269	1	3	14	9	7.32072928802499
270	1	3	14	10	3.72043912475648
271	1	3	14	11	101.555506688561
272	1	3	14	12	3166.39921750473
273	1	3	14	13	3.20033367193611
274	1	3	14	14	1
275	1	3	14	15	408968.840817893
276	1	3	14	16	1214.60061355958
277	1	3	14	17	9.89646948911014
278	1	3	14	18	0.31104276094437
279	1	3	14	19	15.0484847098635
280	1	3	14	20	-0.683093999109981
281	1	5	1	1	1273.25412343181
282	1	5	1	2	205.947990520986
283	1	5	1	3	10652.7809588309
284	1	5	1	4	351339.358721766
285	1	5	1	5	459.359723855
286	1	5	1	6	36.514
287	1	5	1	7	36606618.6286447
288	1	5	1	8	32006.4731995964
289	1	5	1	9	34.8702997050942
290	1	5	1	10	5.64024731667267
291	1	5	1	11	291.745110336607
292	1	5	1	12	9622.04520791383
293	1	5	1	13	12.5803725654543
294	1	5	1	14	1
295	1	5	1	15	1002536.52376197
296	1	5	1	16	876.55346441355
297	1	5	1	17	9.32001833668494
298	1	5	1	18	0.401889522182852
299	1	5	1	19	9.73849886803799
300	1	5	1	20	0.103737184003061
301	1	5	2	1	3381.01038448551
302	1	5	2	2	417.161550268883
303	1	5	2	3	24840.9748478109
304	1	5	2	4	671079.058623267
305	1	5	2	5	1584.26588080999
306	1	5	2	6	45.031
307	1	5	2	7	73952599.8371932
308	1	5	2	8	25713.1024993616
309	1	5	2	9	75.0818410536188
310	1	5	2	10	9.26387489216058
311	1	5	2	11	551.641643485841
312	1	5	2	12	14902.6017326568
313	1	5	2	13	35.1816721993736
314	1	5	2	14	1
315	1	5	2	15	1642259.7729829
316	1	5	2	16	571.008916065857
317	1	5	2	17	10.0815644674557
318	1	5	2	18	0.64296504903003
319	1	5	2	19	15.1258062116881
320	1	5	2	20	0.0371665655876723
321	1	5	3	1	2258.86010246531
322	1	5	3	2	387.879079197544
323	1	5	3	3	23092.4137141782
324	1	5	3	4	473415.788536853
325	1	5	3	5	518.076244879999
326	1	5	3	6	13.782
327	1	5	3	7	45094746.1725897
328	1	5	3	8	13334.6093592393
329	1	5	3	9	163.899296362306
330	1	5	3	10	28.1438890725253
331	1	5	3	11	1675.54881107083
332	1	5	3	12	34350.2966577313
333	1	5	3	13	37.5907883384124
334	1	5	3	14	1
335	1	5	3	15	3272003.05997603
336	1	5	3	16	967.538046672423
337	1	5	3	17	28.6862282163704
338	1	5	3	18	0.64357297500621
339	1	5	3	19	10.6013960824608
340	1	5	3	20	0.58968031390295
341	1	5	4	1	4008.50453479381
342	1	5	4	2	477.579411981962
343	1	5	4	3	28452.9800871693
344	1	5	4	4	648071.76740107
345	1	5	4	5	791.634403074998
346	1	5	4	6	17.69
347	1	5	4	7	59234269.9443726
348	1	5	4	8	14800.2114817854
349	1	5	4	9	226.597203775795
350	1	5	4	10	26.9971403042375
351	1	5	4	11	1608.4217121068
352	1	5	4	12	36634.9218429095
353	1	5	4	13	44.7503902247031
354	1	5	4	14	1
355	1	5	4	15	3348460.70912225
356	1	5	4	16	836.642819773056
357	1	5	4	17	27.2538123440319
358	1	5	4	18	0.758270501029691
359	1	5	4	19	12.7541679432558
360	1	5	4	20	-0.21999607418043
361	1	5	5	1	2083.50045799094
362	1	5	5	2	417.303045041926
363	1	5	5	3	24972.5607970265
364	1	5	5	4	440739.463901086
365	1	5	5	5	708.164222439998
366	1	5	5	6	19.066
367	1	5	5	7	45353892.6139169
368	1	5	5	8	15523.0585123637
369	1	5	5	9	109.278320465275
370	1	5	5	10	21.887288631172
371	1	5	5	11	1309.79548919682
372	1	5	5	12	23116.5144183933
373	1	5	5	13	37.1427788964648
374	1	5	5	14	1
375	1	5	5	15	2378783.83582906
376	1	5	5	16	814.174893127228
377	1	5	5	17	22.2770390696044
378	1	5	5	18	0.631725443746653
379	1	5	5	19	8.5687741769265
380	1	5	5	20	0.575055681103996
381	1	5	6	1	1696.48628505121
382	1	5	6	2	407.966426227147
383	1	5	6	3	24348.9631984065
384	1	5	6	4	439442.977302163
385	1	5	6	5	839.6783968
386	1	5	6	6	23.382
387	1	5	6	7	46978803.8392742
388	1	5	6	8	17742.0354547768
389	1	5	6	9	72.5552256030797
390	1	5	6	10	17.4478841085941
391	1	5	6	11	1041.35502516493
392	1	5	6	12	18794.0713926167
393	1	5	6	13	35.9113162603712
394	1	5	6	14	1
395	1	5	6	15	2009186.71795716
396	1	5	6	16	758.790328234402
397	1	5	6	17	17.8642429922278
398	1	5	6	18	0.616051648422597
399	1	5	6	19	7.47965293823039
400	1	5	6	20	0.534900843962992
401	1	5	7	1	2129.2510163769
402	1	5	7	2	443.871166232462
403	1	5	7	3	21320.4097668729
404	1	5	7	4	484832.682960343
405	1	5	7	5	766.942087065001
406	1	5	7	6	31.282
407	1	5	7	7	48727938.7568849
408	1	5	7	8	17654.9900425694
409	1	5	7	9	68.0663325994788
410	1	5	7	10	14.1893474276728
411	1	5	7	11	681.555200015117
412	1	5	7	12	15498.7751090193
413	1	5	7	13	24.5170413357522
414	1	5	7	14	1
415	1	5	7	15	1557698.95648887
416	1	5	7	16	564.381754445668
417	1	5	7	17	13.8804751086412
418	1	5	7	18	0.49931125459961
419	1	5	7	19	5.89497874015529
420	1	5	7	20	-0.566530371216835
421	1	5	8	1	3142.10711843475
422	1	5	8	2	939.017262242391
423	1	5	8	3	22390.2878702997
424	1	5	8	4	795537.354349112
425	1	5	8	5	639.570294564001
426	1	5	8	6	80.762
427	1	5	8	7	101269028.378212
428	1	5	8	8	44437.9949803561
429	1	5	8	9	38.9057616011831
430	1	5	8	10	11.6269688992644
431	1	5	8	11	277.237907311603
432	1	5	8	12	9850.39194607751
433	1	5	8	13	7.91919831807039
434	1	5	8	14	1
435	1	5	8	15	1253919.27364617
436	1	5	8	16	550.23395879691
437	1	5	8	17	10.3181050093547
438	1	5	8	18	0.294732854637788
439	1	5	8	19	-1.30693364396227
440	1	5	8	20	0.591568922161487
441	1	5	9	1	2543.43276660715
442	1	5	9	2	396.66477585283
443	1	5	9	3	23794.8378003276
444	1	5	9	4	443920.746083302
445	1	5	9	5	808.289342820001
446	1	5	9	6	20.416
447	1	5	9	7	47377259.9279247
448	1	5	9	8	16460.6776445313
449	1	5	9	9	124.580366702936
450	1	5	9	10	19.4291132373055
451	1	5	9	11	1165.4995004079
452	1	5	9	12	21743.7669515724
453	1	5	9	13	39.5909748638323
454	1	5	9	14	1
455	1	5	9	15	2320594.62813111
456	1	5	9	16	806.263599359877
457	1	5	9	17	19.962112248597
458	1	5	9	18	0.67809508625839
459	1	5	9	19	19.6247034099999
460	1	5	9	20	0.0166919894292724
461	1	5	10	1	2817.39835781874
462	1	5	10	2	518.692781226211
463	1	5	10	3	25694.6569675148
464	1	5	10	4	522455.182490891
465	1	5	10	5	466.88167516
466	1	5	10	6	15.257
467	1	5	10	7	46548508.5409839
468	1	5	10	8	13876.2731927501
469	1	5	10	9	184.662670106754
470	1	5	10	10	33.9970361949408
471	1	5	10	11	1684.12249901782
472	1	5	10	12	34243.6378377723
473	1	5	10	13	30.60114538638
474	1	5	10	14	1
475	1	5	10	15	3050960.77479084
476	1	5	10	16	909.502077259626
477	1	5	10	17	36.3432206046886
478	1	5	10	18	0.653895903585434
479	1	5	10	19	9.60625531643987
480	1	5	10	20	0.962284352254456
481	1	5	11	1	3125.22052964806
482	1	5	11	2	633.932112271548
483	1	5	11	3	26510.7414390839
484	1	5	11	4	579195.686170757
485	1	5	11	5	863.637338767003
486	1	5	11	6	44.797
487	1	5	11	7	62245104.8364461
488	1	5	11	8	18684.4992718821
489	1	5	11	9	69.7640585228489
490	1	5	11	10	14.1512179894088
491	1	5	11	11	591.797250688302
492	1	5	11	12	12929.340941821
493	1	5	11	13	19.278910167355
494	1	5	11	14	1
495	1	5	11	15	1389492.70791451
496	1	5	11	16	417.092646201355
497	1	5	11	17	15.9799526456202
498	1	5	11	18	0.52057705772574
499	1	5	11	19	5.64616919014609
500	1	5	11	20	1.06522792893379
501	1	5	12	1	3492.16352744152
502	1	5	12	2	1521.76736201313
503	1	5	12	3	29986.2962956588
504	1	5	12	4	930135.820934152
505	1	5	12	5	1449.270209015
506	1	5	12	6	83.713
507	1	5	12	7	107397057.637149
508	1	5	12	8	27562.7402836944
509	1	5	12	9	41.7159046676325
510	1	5	12	10	18.1783876102054
511	1	5	12	11	358.203580037256
512	1	5	12	12	11111.0080983139
513	1	5	12	13	17.3123673624765
514	1	5	12	14	1
515	1	5	12	15	1282919.70944954
516	1	5	12	16	329.252807612848
517	1	5	12	17	12.120572471972
518	1	5	12	18	0.585090920070648
519	1	5	12	19	-54.2462232810449
520	1	5	12	20	1.03373275503025
521	1	5	13	1	3605.7956638312
522	1	5	13	2	576.170188307003
523	1	5	13	3	26169.2733953564
524	1	5	13	4	558123.393685864
525	1	5	13	5	961.697946270001
526	1	5	13	6	27.948
527	1	5	13	7	56802726.3472612
528	1	5	13	8	18577.8634773442
529	1	5	13	9	129.018021462401
530	1	5	13	10	20.6157931983327
531	1	5	13	11	936.355853562201
532	1	5	13	12	19970.0656106292
533	1	5	13	13	34.4102599924861
534	1	5	13	14	1
535	1	5	13	15	2032443.33573999
536	1	5	13	16	664.729622060406
537	1	5	13	17	17.6342812637172
538	1	5	13	18	0.648044438187332
539	1	5	13	19	0.432114046988163
540	1	5	13	20	-0.139566700846068
541	1	5	14	1	2744.30546342361
542	1	5	14	2	530.321038067724
543	1	5	14	3	25941.0655834548
544	1	5	14	4	729902.293803671
545	1	5	14	5	1314.184841401
546	1	5	14	6	75.809
547	1	5	14	7	110892819.202299
548	1	5	14	8	28278.935252591
549	1	5	14	9	36.2002593811238
550	1	5	14	10	6.99548916444913
551	1	5	14	11	342.189787274002
552	1	5	14	12	9628.17467324026
553	1	5	14	13	17.3354725877007
554	1	5	14	14	1
555	1	5	14	15	1462792.27007741
556	1	5	14	16	373.028733429949
557	1	5	14	17	10.2250948298994
558	1	5	14	18	0.516785230594181
559	1	5	14	19	16.7068371158171
560	1	5	14	20	0.327665316882516
561	2	3	1	1	3640.49358628262
562	2	3	1	2	568.774695325287
563	2	3	1	3	31798.9735865571
564	2	3	1	4	627315.485392872
565	2	3	1	5	580.534700213
566	2	3	1	6	43.181
567	2	3	1	7	68783716.2985133
568	2	3	1	8	90212.0220065345
569	2	3	1	9	84.3077646715597
570	2	3	1	10	13.1718740956737
571	2	3	1	11	736.411236112111
572	2	3	1	12	14527.5812369531
573	2	3	1	13	13.4442162111345
574	2	3	1	14	1
575	2	3	1	15	1592916.24322071
576	2	3	1	16	2089.160093711
577	2	3	1	17	13.9837174962872
578	2	3	1	18	0.255292304403254
579	2	3	1	19	9.10649432449947
580	2	3	1	20	-0.818696840256506
581	2	3	2	1	2616.23683983323
582	2	3	2	2	542.179910076776
583	2	3	2	3	32381.2629776598
584	2	3	2	4	568524.319822942
585	2	3	2	5	552.162267719999
586	2	3	2	6	15.716
587	2	3	2	7	55730103.3812964
588	2	3	2	8	17466.5797859638
589	2	3	2	9	166.46963857427
590	2	3	2	10	34.4985944309478
591	2	3	2	11	2060.40105482692
592	2	3	2	12	36174.8740024779
593	2	3	2	13	35.1337660804275
594	2	3	2	14	1
595	2	3	2	15	3546074.27979743
596	2	3	2	16	1111.38838037438
597	2	3	2	17	35.0826251112241
598	2	3	2	18	0.598225642166846
599	2	3	2	19	2.39858335838677
600	2	3	2	20	0.526005631983645
601	2	3	3	1	2763.95492399913
602	2	3	3	2	715.23573287251
603	2	3	3	3	42323.5123716657
604	2	3	3	4	682645.380420345
605	2	3	3	5	829.444772246004
606	2	3	3	6	32.748
607	2	3	3	7	73091669.0454501
608	2	3	3	8	38361.3919107451
609	2	3	3	9	84.4007244411608
610	2	3	3	10	21.8405927956672
611	2	3	3	11	1292.39991363337
612	2	3	3	12	20845.4067552322
613	2	3	3	13	25.3281046856603
614	2	3	3	14	1
615	2	3	3	15	2231942.99027269
616	2	3	3	16	1171.41174761039
617	2	3	3	17	30.9835376073687
618	2	3	3	18	0.607207007500735
619	2	3	3	19	17.4114422898511
620	2	3	3	20	0.55427560964358
621	2	3	4	1	2778.07296491207
622	2	3	4	2	549.298382063889
623	2	3	4	3	32861.2947617124
624	2	3	4	4	599179.55651739
625	2	3	4	5	655.38416217
626	2	3	4	6	19.699
627	2	3	4	7	60672030.3057604
628	2	3	4	8	20900.235653395
629	2	3	4	9	141.026090913857
630	2	3	4	10	27.8845820632463
631	2	3	4	11	1668.17070722942
632	2	3	4	12	30416.7499120458
633	2	3	4	13	33.2699204106807
634	2	3	4	14	1
635	2	3	4	15	3079954.83556325
636	2	3	4	16	1060.97952451368
637	2	3	4	17	28.4759919945514
638	2	3	4	18	0.567923884029462
639	2	3	4	19	7.68139542665233
640	2	3	4	20	0.537750295379433
641	2	3	5	1	1718.68856497165
642	2	3	5	2	438.896499082803
643	2	3	5	3	23801.9673318447
644	2	3	5	4	487542.838451581
645	2	3	5	5	503.910067796001
646	2	3	5	6	39.831
647	2	3	5	7	50833540.3206339
648	2	3	5	8	49738.7833737356
649	2	3	5	9	43.149520849882
650	2	3	5	10	11.0189676152445
651	2	3	5	11	597.573933163735
652	2	3	5	12	12240.2861703593
653	2	3	5	13	12.651203027692
654	2	3	5	14	1
655	2	3	5	15	1276230.58222575
656	2	3	5	16	1248.74553422549
657	2	3	5	17	14.4868942981404
658	2	3	5	18	0.306701197684723
659	2	3	5	19	13.0226299362532
660	2	3	5	20	-0.671142089419182
661	2	3	6	1	4536.85856005444
662	2	3	6	2	843.730008414868
663	2	3	6	3	29828.9801738641
664	2	3	6	4	883962.961585979
665	2	3	6	5	975.403713329995
666	2	3	6	6	88.495
667	2	3	6	7	81665377.1993851
668	2	3	6	8	64715.7107878738
669	2	3	6	9	51.2668349630424
670	2	3	6	10	9.53421106745994
671	2	3	6	11	337.0696669175
672	2	3	6	12	9988.84639342312
673	2	3	6	13	11.0221336044974
674	2	3	6	14	1
675	2	3	6	15	922824.760713996
676	2	3	6	16	731.292285302829
677	2	3	6	17	11.9507132106827
678	2	3	6	18	0.390630241621944
679	2	3	6	19	6.83086977940948
680	2	3	6	20	1.02998444109101
681	2	3	7	1	5181.55856633112
682	2	3	7	2	1000.03401979068
683	2	3	7	3	59424.4372355937
684	2	3	7	4	908444.666887196
685	2	3	7	5	1076.96774406
686	2	3	7	6	24.063
687	2	3	7	7	96002127.8132402
688	2	3	7	8	66104.7103718036
689	2	3	7	9	215.333024408059
690	2	3	7	10	41.5589918044581
691	2	3	7	11	2469.53568697144
692	2	3	7	12	37752.7601249718
693	2	3	7	13	44.7561710534846
694	2	3	7	14	1
695	2	3	7	15	3989615.91710261
696	2	3	7	16	2747.15165905347
697	2	3	7	17	42.2048559911887
698	2	3	7	18	0.764891863678978
699	2	3	7	19	8.18140787002762
700	2	3	7	20	-0.603600272916407
701	2	3	8	1	3902.59980313463
702	2	3	8	2	609.409928544154
703	2	3	8	3	36240.6637547551
704	2	3	8	4	617510.069580666
705	2	3	8	5	703.027370360001
706	2	3	8	6	14.861
707	2	3	8	7	59584510.5781363
708	2	3	8	8	114227.172590458
709	2	3	8	9	262.60680998147
710	2	3	8	10	41.0073298259978
711	2	3	8	11	2438.6423359636
712	2	3	8	12	41552.3901204943
713	2	3	8	13	47.3068683372586
714	2	3	8	14	1
715	2	3	8	15	4009454.9880988
716	2	3	8	16	7686.37188550288
717	2	3	8	17	41.1825724485854
718	2	3	8	18	0.798894739045455
719	2	3	8	19	8.10820415664819
720	2	3	8	20	0.293639383631459
721	2	3	9	1	3837.78536315011
722	2	3	9	2	586.371118385981
723	2	3	9	3	35079.1017835287
724	2	3	9	4	720269.331000762
725	2	3	9	5	1079.12414516999
726	2	3	9	6	41.498
727	2	3	9	7	82347565.9272458
728	2	3	9	8	152981.961654072
729	2	3	9	9	92.4812126644683
730	2	3	9	10	14.1301055083614
731	2	3	9	11	845.320299376565
732	2	3	9	12	17356.723962619
733	2	3	9	13	26.0042446664898
734	2	3	9	14	1
735	2	3	9	15	1984374.32953988
736	2	3	9	16	3686.48999118204
737	2	3	9	17	14.9846654350827
738	2	3	9	18	0.460967170085431
739	2	3	9	19	14.8406766672749
740	2	3	9	20	-0.317831127039471
741	2	3	10	1	4419.03667522503
742	2	3	10	2	625.910468748411
743	2	3	10	3	37476.7916848343
744	2	3	10	4	636661.255922654
745	2	3	10	5	1048.32844773
746	2	3	10	6	27.765
747	2	3	10	7	68037182.8383438
748	2	3	10	8	62810.959958667
749	2	3	10	9	159.158533233389
750	2	3	10	10	22.5431467224351
751	2	3	10	11	1349.78540193893
752	2	3	10	12	22930.3531756763
753	2	3	10	13	37.7571924267964
754	2	3	10	14	1
755	2	3	10	15	2450465.79644674
756	2	3	10	16	2262.23518669789
757	2	3	10	17	22.8517022468502
758	2	3	10	18	0.639224663250001
759	2	3	10	19	4.81591608011354
760	2	3	10	20	0.182258634166602
761	2	3	11	1	4116.753391142
762	2	3	11	2	586.195829884087
763	2	3	11	3	33543.660367252
764	2	3	11	4	715932.699105402
765	2	3	11	5	1357.264906209
766	2	3	11	6	56.313
767	2	3	11	7	79863585.2113588
768	2	3	11	8	186096.480578107
769	2	3	11	9	73.1048495221706
770	2	3	11	10	10.4096004454404
771	2	3	11	11	595.664595515281
772	2	3	11	12	12713.4533607764
773	2	3	11	13	24.1021594695541
774	2	3	11	14	1
775	2	3	11	15	1418208.67670625
776	2	3	11	16	3304.68063463334
777	2	3	11	17	12.5820181422551
778	2	3	11	18	0.509101615232183
779	2	3	11	19	11.6869986031101
780	2	3	11	20	-1.05043311005164
781	2	5	1	1	2413.90530186659
782	2	5	1	2	412.353282813261
783	2	5	1	3	24622.9438520646
784	2	5	1	4	633106.926081922
785	2	5	1	5	1373.833816275
786	2	5	1	6	43.031
787	2	5	1	7	69327585.8361357
788	2	5	1	8	25966.5123975508
789	2	5	1	9	56.0968906571214
790	2	5	1	10	9.58270276808024
791	2	5	1	11	572.214074784798
792	2	5	1	12	14712.8099761084
793	2	5	1	13	31.926606778253
794	2	5	1	14	1
795	2	5	1	15	1611107.94162663
796	2	5	1	16	603.437345112843
797	2	5	1	17	9.95268546971084
798	2	5	1	18	0.55530873737874
799	2	5	1	19	12.1514332543474
800	2	5	1	20	-0.534772400261817
801	2	5	2	1	1941.28196829232
802	2	5	2	2	389.808900860129
803	2	5	2	3	23332.9091657505
804	2	5	2	4	475970.984236428
805	2	5	2	5	589.565981943999
806	2	5	2	6	20.266
807	2	5	2	7	46662936.8789747
808	2	5	2	8	15568.2672574908
809	2	5	2	9	95.7900902147596
810	2	5	2	10	19.2346245366688
811	2	5	2	11	1151.33273293943
812	2	5	2	12	23486.1829782112
813	2	5	2	13	29.0913836940688
814	2	5	2	14	1
815	2	5	2	15	2302523.28426797
816	2	5	2	16	768.19635140091
817	2	5	2	17	21.0017184210176
818	2	5	2	18	0.530662449994599
819	2	5	2	19	6.94020164609044
820	2	5	2	20	-0.138605099807828
821	2	5	3	1	2490.98908648388
822	2	5	3	2	427.651489042044
823	2	5	3	3	25565.1914285605
824	2	5	3	4	473009.01225939
825	2	5	3	5	990.905180360002
826	2	5	3	6	25.182
827	2	5	3	7	50859395.7242167
828	2	5	3	8	17771.7247241791
829	2	5	3	9	98.9194300088906
830	2	5	3	10	16.9824274895578
831	2	5	3	11	1015.21687826862
832	2	5	3	12	18783.6157675876
833	2	5	3	13	39.3497410991979
834	2	5	3	14	1
835	2	5	3	15	2019672.61235075
836	2	5	3	16	705.731265355376
837	2	5	3	17	17.3558665502787
838	2	5	3	18	0.672712274514597
839	2	5	3	19	9.08928025332748
840	2	5	3	20	0.830003184559634
841	2	5	4	1	1820.02369872541
842	2	5	4	2	399.384864648138
843	2	5	4	3	23514.7247405513
844	2	5	4	4	419197.104655914
845	2	5	4	5	636.26295245
846	2	5	4	6	22.449
847	2	5	4	7	44129810.382799
848	2	5	4	8	15933.1360759151
849	2	5	4	9	81.0737092398509
850	2	5	4	10	17.7907641609042
851	2	5	4	11	1047.47314983079
852	2	5	4	12	18673.3085953011
853	2	5	4	13	28.3425966613212
854	2	5	4	14	1
855	2	5	4	15	1965780.67543316
856	2	5	4	16	709.748143610631
857	2	5	4	17	18.4864188211881
858	2	5	4	18	0.500206723624214
859	2	5	4	19	7.10723173067233
860	2	5	4	20	-0.475627356344038
861	2	5	5	1	2385.54737391717
862	2	5	5	2	399.127560125329
863	2	5	5	3	23956.8455496814
864	2	5	5	4	481691.034269019
865	2	5	5	5	772.960897870001
866	2	5	5	6	26.981
867	2	5	5	7	52698195.6611357
868	2	5	5	8	17728.0040908378
869	2	5	5	9	88.4158249848846
870	2	5	5	10	14.7929120538649
871	2	5	5	11	887.915405273392
872	2	5	5	12	17852.9718790637
873	2	5	5	13	28.6483413465031
874	2	5	5	14	1
875	2	5	5	15	1953159.4700395
876	2	5	5	16	657.055116223927
877	2	5	5	17	15.0956808756657
878	2	5	5	18	0.487057906660366
879	2	5	5	19	15.0890865690867
880	2	5	5	20	-0.0967929062566492
881	2	5	6	1	4523.96746363279
882	2	5	6	2	683.885614775769
883	2	5	6	3	24161.7281929843
884	2	5	6	4	749800.158223382
885	2	5	6	5	694.308893811999
886	2	5	6	6	109.411
887	2	5	6	7	74404583.5233513
888	2	5	6	8	54020.1245501549
889	2	5	6	9	41.3483787154197
890	2	5	6	10	6.25061113394237
891	2	5	6	11	220.834543080534
892	2	5	6	12	6853.06009654772
893	2	5	6	13	6.34587832861412
894	2	5	6	14	1
895	2	5	6	15	680046.645431916
896	2	5	6	16	493.735771998747
897	2	5	6	17	10.8983889007597
898	2	5	6	18	0.313174963379341
899	2	5	6	19	14.8763611871233
900	2	5	6	20	0.37429760204012
901	2	5	7	1	2335.18489784448
902	2	5	7	2	406.323816630204
903	2	5	7	3	24342.7324024094
904	2	5	7	4	459937.752725816
905	2	5	7	5	866.206257920003
906	2	5	7	6	20.115
907	2	5	7	7	49073099.5157467
908	2	5	7	8	15669.0675051014
909	2	5	7	9	116.091717516504
910	2	5	7	10	20.2000405980713
911	2	5	7	11	1210.17809606808
912	2	5	7	12	22865.4115200505
913	2	5	7	13	43.0627023574448
914	2	5	7	14	1
915	2	5	7	15	2439627.11984821
916	2	5	7	16	778.974273184261
917	2	5	7	17	20.525069479266
918	2	5	7	18	0.730359408026984
919	2	5	7	19	17.8873935630397
920	2	5	7	20	0.0140204844652728
921	2	5	8	1	2652.1820093789
922	2	5	8	2	405.021443691296
923	2	5	8	3	24213.3206213038
924	2	5	8	4	432779.222574288
925	2	5	8	5	635.467250320002
926	2	5	8	6	15.95
927	2	5	8	7	42555332.9918401
928	2	5	8	8	14355.0702752936
929	2	5	8	9	166.281003722815
930	2	5	8	10	25.3931939618368
931	2	5	8	11	1518.07652798143
932	2	5	8	12	27133.4935783252
933	2	5	8	13	39.8412069166145
934	2	5	8	14	1
935	2	5	8	15	2668045.95560126
936	2	5	8	16	900.004405974523
937	2	5	8	17	25.5684483857485
938	2	5	8	18	0.671031943315736
939	2	5	8	19	7.53381757730947
940	2	5	8	20	-1.00052627651882
941	2	5	9	1	2961.51175761541
942	2	5	9	2	476.703252913114
943	2	5	9	3	26135.0551897719
944	2	5	9	4	651720.655196456
945	2	5	9	5	739.355814951998
946	2	5	9	6	48.514
947	2	5	9	7	74354485.1197983
948	2	5	9	8	22504.5512274771
949	2	5	9	9	61.0444770090162
950	2	5	9	10	9.82609665072172
951	2	5	9	11	538.711612931769
952	2	5	9	12	13433.6615244353
953	2	5	9	13	15.2400506029599
954	2	5	9	14	1
955	2	5	9	15	1532639.75594258
956	2	5	9	16	463.877462742242
957	2	5	9	17	11.4526972786029
958	2	5	9	18	0.323994660364592
959	2	5	9	19	17.2876909913607
960	2	5	9	20	-0.0894802324541752
961	2	5	10	1	2861.75135794487
962	2	5	10	2	414.139661664055
963	2	5	10	3	24812.8308720067
964	2	5	10	4	504391.95318949
965	2	5	10	5	989.847507860001
966	2	5	10	6	26.649
967	2	5	10	7	52478339.0795012
968	2	5	10	8	18879.920694454
969	2	5	10	9	107.386819690978
970	2	5	10	10	15.5405329154586
971	2	5	10	11	931.098010131965
972	2	5	10	12	18927.2375394758
973	2	5	10	13	37.1438893714586
974	2	5	10	14	1
975	2	5	10	15	1969242.33853057
976	2	5	10	16	708.466385022102
977	2	5	10	17	15.7842435572562
978	2	5	10	18	0.629673987188296
979	2	5	10	19	7.60979605133365
980	2	5	10	20	-0.0185922915450735
981	2	5	11	1	2125.03028770728
982	2	5	11	2	446.64017049238
983	2	5	11	3	26193.6205610238
984	2	5	11	4	674190.069698371
985	2	5	11	5	1296.79960375
986	2	5	11	6	44.897
987	2	5	11	7	78500977.2266954
988	2	5	11	8	24132.9799240477
989	2	5	11	9	47.3312312116016
990	2	5	11	10	9.94810723416664
991	2	5	11	11	583.415830924645
992	2	5	11	12	15016.3723566913
993	2	5	11	13	28.8838809664342
994	2	5	11	14	1
995	2	5	11	15	1748468.2100518
996	2	5	11	16	537.518763481919
997	2	5	11	17	10.6869116936042
998	2	5	11	18	0.529090005609954
999	2	5	11	19	23.2701215774552
1000	2	5	11	20	-0.664182982151398
\.


--
-- TOC entry 2474 (class 0 OID 0)
-- Dependencies: 182
-- Name: pd_data_id_seq; Type: SEQUENCE SET; Schema: public; Owner: postgres
--

SELECT pg_catalog.setval('pd_data_id_seq', 1000, true);


--
-- TOC entry 2448 (class 0 OID 25846)
-- Dependencies: 185
-- Data for Name: silhouette_coef_android; Type: TABLE DATA; Schema: public; Owner: postgres
--

COPY silhouette_coef_android (id, exercise_type_id, parameter_id, result, hand_id) FROM stdin;
173	3	1	0.75349272209284013	1
174	3	2	0.88060496586103554	1
175	3	3	0.62220698115743156	1
176	3	4	0.9178398126209113	1
177	3	5	0.55307410481315322	1
178	3	6	0.65447695162211172	1
179	3	7	0.94849289676343085	1
180	3	8	0.6989763799924994	1
181	3	9	0.6215550502327849	1
182	3	10	0.6465521136774578	1
183	3	11	0.66588105659895103	1
184	3	12	0.64163002812577374	1
185	3	13	0.61499836400925734	1
186	3	15	0.88909425957442567	1
187	3	16	0.6183305192999321	1
188	3	17	0.68054849861007982	1
189	3	18	0.67128482470345785	1
190	3	19	0.95146882503875629	1
191	3	20	0.64244286245898952	1
192	5	1	0.46593380834329806	1
193	5	2	0.82621285377369758	1
194	5	3	0.80822286897944517	1
195	5	4	0.6431488771528695	1
196	5	5	0.70199714451414941	1
197	5	6	0.73144959274902133	1
198	5	7	0.65598818814913706	1
199	5	8	0.73676904521040198	1
200	5	9	0.67016828679375828	1
201	5	10	0.62506356621583803	1
202	5	11	0.68636333219000489	1
203	5	12	0.66868599383725957	1
204	5	13	0.7210510313000188	1
205	5	15	0.64364392129996795	1
206	5	16	0.64172036019208145	1
207	5	17	0.70078805341974659	1
208	5	18	0.71771263853728173	1
209	5	19	0.84422742937735229	1
210	5	20	0.63189178192803352	1
211	3	1	0.56911108732896865	2
212	3	2	0.63412934295170564	2
213	3	3	0.52618788911515557	2
214	3	4	0.57463936238408697	2
215	3	5	0.64893187268347707	2
216	3	6	0.58383032786087785	2
217	3	7	0.658309435487064	2
218	3	8	0.77476576473577918	2
219	3	9	0.61527279853050487	2
220	3	10	0.67357695863977818	2
221	3	11	0.64950021855917672	2
222	3	12	0.67631711919874271	2
223	3	13	0.58747579092705138	2
224	3	15	0.65638001834761939	2
225	3	16	0.74116254022371086	2
226	3	17	0.64914524509986393	2
227	3	18	0.60294403082396986	2
228	3	19	0.62232940148311822	2
229	3	20	0.61404030114880237	2
230	5	1	0.62332260066504053	2
231	5	2	0.90117362585503447	2
232	5	3	0.85208550171367092	2
233	5	4	0.65488009109838807	2
234	5	5	0.53520512502958884	2
235	5	6	0.78834095277380711	2
236	5	7	0.67063852303005467	2
237	5	8	0.80233289031968502	2
238	5	9	0.65090555155649155	2
239	5	10	0.58911429843914787	2
240	5	11	0.58280595883277919	2
241	5	12	0.60434955085641773	2
242	5	13	0.68811112124188922	2
243	5	15	0.58747475589285592	2
244	5	16	0.50412496219745806	2
245	5	17	0.59110222526958489	2
246	5	18	0.65416173197066974	2
247	5	19	0.64146177455427311	2
248	5	20	0.57779294413575411	2
\.


--
-- TOC entry 2475 (class 0 OID 0)
-- Dependencies: 184
-- Name: silhouette_coef_id_seq; Type: SEQUENCE SET; Schema: public; Owner: postgres
--

SELECT pg_catalog.setval('silhouette_coef_id_seq', 248, true);


--
-- TOC entry 2457 (class 0 OID 25953)
-- Dependencies: 194
-- Data for Name: silhouette_coef_ipad; Type: TABLE DATA; Schema: public; Owner: postgres
--

COPY silhouette_coef_ipad (id, exercise_type_id, parameter_id, result, hand_id) FROM stdin;
\.


--
-- TOC entry 2453 (class 0 OID 25893)
-- Dependencies: 190
-- Data for Name: test_data; Type: TABLE DATA; Schema: public; Owner: postgres
--

COPY test_data (id, patient_id, test_id, test_time) FROM stdin;
\.


--
-- TOC entry 2476 (class 0 OID 0)
-- Dependencies: 189
-- Name: test_data_id_seq; Type: SEQUENCE SET; Schema: public; Owner: postgres
--

SELECT pg_catalog.setval('test_data_id_seq', 1, false);


--
-- TOC entry 2455 (class 0 OID 25903)
-- Dependencies: 192
-- Data for Name: test_results; Type: TABLE DATA; Schema: public; Owner: postgres
--

COPY test_results (id, parameter_id, value, test_data_id) FROM stdin;
\.


--
-- TOC entry 2477 (class 0 OID 0)
-- Dependencies: 191
-- Name: test_results_id_seq; Type: SEQUENCE SET; Schema: public; Owner: postgres
--

SELECT pg_catalog.setval('test_results_id_seq', 1, false);


--
-- TOC entry 2322 (class 2606 OID 25934)
-- Name: c_data_ipad_pkey; Type: CONSTRAINT; Schema: public; Owner: postgres
--

ALTER TABLE ONLY c_data_ipad
    ADD CONSTRAINT c_data_ipad_pkey PRIMARY KEY (id);


--
-- TOC entry 2306 (class 2606 OID 25832)
-- Name: c_data_pkey; Type: CONSTRAINT; Schema: public; Owner: postgres
--

ALTER TABLE ONLY c_data_android
    ADD CONSTRAINT c_data_pkey PRIMARY KEY (id);


--
-- TOC entry 2312 (class 2606 OID 25865)
-- Name: distance_ratio_pkey; Type: CONSTRAINT; Schema: public; Owner: postgres
--

ALTER TABLE ONLY distance_ratio_android
    ADD CONSTRAINT distance_ratio_pkey PRIMARY KEY (id);


--
-- TOC entry 2308 (class 2606 OID 25843)
-- Name: pd_data_pkey; Type: CONSTRAINT; Schema: public; Owner: postgres
--

ALTER TABLE ONLY pd_data_android
    ADD CONSTRAINT pd_data_pkey PRIMARY KEY (id);


--
-- TOC entry 2324 (class 2606 OID 25961)
-- Name: silhouette_coef_ipad_pkey; Type: CONSTRAINT; Schema: public; Owner: postgres
--

ALTER TABLE ONLY silhouette_coef_ipad
    ADD CONSTRAINT silhouette_coef_ipad_pkey PRIMARY KEY (id);


--
-- TOC entry 2310 (class 2606 OID 25854)
-- Name: silhouette_coef_pkey; Type: CONSTRAINT; Schema: public; Owner: postgres
--

ALTER TABLE ONLY silhouette_coef_android
    ADD CONSTRAINT silhouette_coef_pkey PRIMARY KEY (id);


--
-- TOC entry 2316 (class 2606 OID 25898)
-- Name: test_data_pkey; Type: CONSTRAINT; Schema: public; Owner: postgres
--

ALTER TABLE ONLY test_data
    ADD CONSTRAINT test_data_pkey PRIMARY KEY (id);


--
-- TOC entry 2320 (class 2606 OID 25911)
-- Name: test_results_pkey; Type: CONSTRAINT; Schema: public; Owner: postgres
--

ALTER TABLE ONLY test_results
    ADD CONSTRAINT test_results_pkey PRIMARY KEY (id);


--
-- TOC entry 2318 (class 2606 OID 25900)
-- Name: unique_id; Type: CONSTRAINT; Schema: public; Owner: postgres
--

ALTER TABLE ONLY test_data
    ADD CONSTRAINT unique_id UNIQUE (test_id);


--
-- TOC entry 2314 (class 2606 OID 25880)
-- Name: unique_parameter; Type: CONSTRAINT; Schema: public; Owner: postgres
--

ALTER TABLE ONLY parameters
    ADD CONSTRAINT unique_parameter UNIQUE (id);


--
-- TOC entry 2325 (class 2606 OID 25881)
-- Name: parameter_fk; Type: FK CONSTRAINT; Schema: public; Owner: postgres
--

ALTER TABLE ONLY silhouette_coef_android
    ADD CONSTRAINT parameter_fk FOREIGN KEY (parameter_id) REFERENCES parameters(id);


--
-- TOC entry 2326 (class 2606 OID 25886)
-- Name: parameter_fk; Type: FK CONSTRAINT; Schema: public; Owner: postgres
--

ALTER TABLE ONLY distance_ratio_android
    ADD CONSTRAINT parameter_fk FOREIGN KEY (parameter_id) REFERENCES parameters(id);


--
-- TOC entry 2328 (class 2606 OID 25962)
-- Name: parameter_fk; Type: FK CONSTRAINT; Schema: public; Owner: postgres
--

ALTER TABLE ONLY silhouette_coef_ipad
    ADD CONSTRAINT parameter_fk FOREIGN KEY (parameter_id) REFERENCES parameters(id);


--
-- TOC entry 2327 (class 2606 OID 25912)
-- Name: test_data_id_fk; Type: FK CONSTRAINT; Schema: public; Owner: postgres
--

ALTER TABLE ONLY test_results
    ADD CONSTRAINT test_data_id_fk FOREIGN KEY (test_data_id) REFERENCES test_data(id);


--
-- TOC entry 2464 (class 0 OID 0)
-- Dependencies: 5
-- Name: public; Type: ACL; Schema: -; Owner: postgres
--

REVOKE ALL ON SCHEMA public FROM PUBLIC;
REVOKE ALL ON SCHEMA public FROM postgres;
GRANT ALL ON SCHEMA public TO postgres;
GRANT ALL ON SCHEMA public TO PUBLIC;


-- Completed on 2016-12-14 00:09:03 EET

--
-- PostgreSQL database dump complete
--

